id,qid,nodegoat_id,label,qid_label,property
RiB7qUPm,Q1794,417370,Frankfurt,Frankfurt,Germany
dtkJhYLf,Q90,47086,Paris,Paris,France
Tex3XPhr,Q3130,3782,Sydney,Sydney,Australia
PMzjRPbJ,Q3114,4213,Canberra,Canberra,Australia
jwEHgVXa,Q587906,5072,Waasmunster,Waasmunster,Belgium
isEdM7zC,Q202954,5083,Verviers,Verviers,Belgium
C7kdb9pB,Q271783,5086,Turnhout,Turnhout,Belgium
DXnNuyxL,Q173219,5091,Tournai,Tournai,Belgium
Y3tSQvri,Q37792,5118,Sint-Truiden,Sint-Truiden,Belgium
nE25pYEt,Q162022,5240,Mechelen,Mechelen,Belgium
nSKgHevT,Q3992,5268,Liège,Liège,Belgium
QJDipFiF,Q21767764,5353,Hemiksem,Hemiksem,Belgium
AYShtw7v,Q1296,5381,Gent,Ghent,Belgium
4g8XzGFP,Q239,5474,Brussels,City of Brussels,Belgium
QRuTEdwa,Q12994,5476,Brugge,Bruges,Belgium
3TKaEaEL,Q4122,24616,Wolfenbüttel,Wolfenbüttel,Germany
77FYikdp,Q2978,27430,Regensburg,Regensburg,Germany
g9oYkZyL,Q1720,29366,Mainz,Mainz,Germany
4GU7NjmQ,Q2079,29705,Leipzig,Leipzig,Germany
TrVTMFdZ,Q1055,31579,Hamburg,Hamburg,Germany
WeaEEeU5,Q2814,31601,Halle,Halle (Saale),Germany
HbLDHjBx,Q24879,33901,Bremen,Bremen,Germany
G8KijfkK,Q586,34071,Bonn,Bonn,Germany
PNeLQZnK,Q64,34371,Berlin,Berlin,Germany
kaDD9e3a,Q2807,41054,Madrid,Madrid,Spain
bbhvKkZo,Q456,48187,Lyon,Lyon,France
neyfxrfu,Q23436,54853,Edinburgh,Edinburgh,United Kingdom
B2uxVJLf,Q495,72871,Torino,Turin,Italy
MxnLw4ay,Q1891,77308,Bologna,Bologna,Italy
mSVELu4H,Q2634,74729,Napoli,Naples,Italy
GEHEKxzR,Q36600,85926,Den Haag,The Hague,Netherlands
iA5dSjTz,Q43631,86095,Leiden,Leiden,Netherlands
n6U73ZoR,Q31487,95863,Kraków,Kraków,Poland
UEnzixqE,Q16567,115728,Columbus,Columbus,United States of America
PRypTrE3,Q128244,117645,Waco,Waco,United States of America
kpmRowEp,Q485172,120013,Ann Arbor,Ann Arbor,United States of America
g7FEY5XJ,Q217346,121869,Ithaca,Ithaca,United States of America
mMvimh8v,Q65,124869,Los Angeles,Los Angeles,United States of America
93rjADoC,Q23337,126640,Salt Lake City,Salt Lake City,United States of America
EALEFbtT,Q2687417,221175,Wilrijk,Wilrijk,Belgium
UvT8FR5N,Q1741,638141,Vienna,Vienna,Austria
LHFuBj76,Q2680952,638186,Rotterdam,Rotterdam,Netherlands
mRsCycJu,Q1731,638164,Dresden,Dresden,Germany
QsWjZWam,Q49218,122150,"Rochester, NY",Rochester,United States of America
j3uWLALG,Q60,608602,New York,New York City,United States of America
52tHQZy7,Q1715,31544,Hannover,Hanover,Germany
ZsURQGSW,Q100,112742,Boston,Boston,United States of America
bSzLPudk,Q12892,5544,Antwerpen,Antwerp,Belgium
7GuumXoz,Q172,12560319,Toronto,Toronto,Canada
96rVh94r,Q84,54016,London,London,Roman Empire
CBAqGowo,Q490,75072,Milano,Milan,Italy
CgZzMq22,Q641,14392862,Venice,Venice,Italy
ghRTkNHk,Q1799,94931,Wrocław,Wrocław,Poland
ndwv66mQ,Q1726,10112914,München,Munich,Germany
QQM2oR6B,Q3964258,16005010,Solduno,Solduno,Switzerland
bMgaNNnb,Q650206,16005008,Vresse-sur-Semois,Vresse-sur-Semois,Belgium
mr8GTNyN,,30188,Köln,,
4V2kvX5b,Q1384,637838,New York,New York,United States of America
Vg75jk9M,Q60,122021,New York City,New York City,United States of America
BYi7Lpof,Q21694741,0,Somerset,Somerset,United Kingdom
nSBiXUi9,Q6441,0,Montpellier,Montpellier,France
G55Yyhx6,Q34217,0,Oxford,Oxford,United Kingdom
JTE6ft4o,Q21694674,0,Kent,Kent,United Kingdom
TFikjcqj,Q2379199,0,City of Edinburgh,City of Edinburgh,United Kingdom
WJtgze3w,Q21694733,0,Gloucestershire,Gloucestershire,United Kingdom
8eLjuyxP,Q150120,0,Bloomsbury,Bloomsbury,United Kingdom
YesoVYT6,Q271014,0,Tsentralny District,Tsentralny District,Russia
ZpwbPoZj,Q656,0,Saint Petersburg,Saint Petersburg,Russia
LLig8HvV,Q641134,0,Dilbeek,Dilbeek,Belgium
YguGZGDX,Q192859,0,Etterbeek,Etterbeek,Belgium
ZWEd5tvV,Q242393,0,Woluwe-Saint-Pierre,Woluwe-Saint-Pierre,Belgium
iUqWRTFE,Q23140,0,Warwickshire,Warwickshire,United Kingdom
TiHP2Aim,Q201970,0,Shrewsbury,Shrewsbury,Kingdom of Great Britain
YCA6PuiY,Q20986484,0,Oxford,Oxford,United Kingdom
iU2pomC5,Q279,0,Modena,Modena,Italy
VjNq678w,Q13360,0,Reggio Emilia,Reggio Emilia,Italy
fdBRs3SB,Q617,0,Padua,Padua,Italy
iR3nZ9nb,Q1085,0,Prague,Prague,Czech Republic
V5qN6BuG,Q267329,0,Innere Stadt,Innere Stadt,Austria
98FugADU,Q3806,0,Tübingen,Tübingen,Germany
7xsg3NGS,Q7003,0,Dijon,Dijon,France
3xUgfbpe,Q10428388,0,Bergen Municipality,Bergen Municipality,Norway
GSD2sZS2,Q807,0,Lausanne,Lausanne,Switzerland
coBYSJoh,Q82142,0,Province of Granada,Province of Granada,Spain
nDrViv4W,Q243470,0,Juilly,Juilly,France
U8VE48Nt,Q245546,0,6th arrondissement of Paris,6th arrondissement of Paris,France
c8PM93td,Q445471,0,Lehel,Lehel,Germany
44272D3z,Q270,0,Warsaw,Warsaw,Poland
8mNP23J2,Q9899,0,Amsterdam,Amsterdam,Netherlands
jXVX5ptj,Q102728,0,Ypres,Ypres,Belgium
BH9Z7Per,Q2861,0,Rostock,Rostock,Germany
gkJaA3Fp,Q9822,0,Breda,Breda,Netherlands
V9kwH2cP,Q10780,0,Grimma,Grimma,Germany
PVSh8RRs,Q189288,0,Stratford-upon-Avon,Stratford-upon-Avon,United Kingdom
ceok2AH2,Q62274582,0,Aberdeen City,Aberdeen City,United Kingdom
7vkUkRCU,Q68814792,0,Aberdeen,Aberdeen,United Kingdom
oR6bNy22,Q21713103,0,Cambridge,Cambridge,United Kingdom
icKJKziD,Q210476,0,London Borough of Harrow,London Borough of Harrow,United Kingdom
TGmpR7GK,Q118958,0,Leuven,Leuven,Belgium
GnLR7wCv,Q211037,0,Roeselare,Roeselare,Belgium
R78e9CBE,Q21272276,0,Cambridgeshire,Cambridgeshire,United Kingdom
5Vf3B6KY,Q350,0,Cambridge,Cambridge,United Kingdom
dvfz3tmy,Q990504,0,Exeter,Exeter,United States of America
2kHHw622,Q131908,0,Hanover,Hanover,United States of America
MQDdAiDb,Q1248924,0,Tetbury,Tetbury,United Kingdom
i3TAbiBE,Q36687,0,Victoria,Victoria,Australia
NQxGwfmZ,Q270633,0,Torhout,Torhout,Belgium
7iF9WV6d,Q230127,0,4th arrondissement of Paris,4th arrondissement of Paris,France
S2syfUxp,Q7880,0,Toulouse,Toulouse,France
fMhj67nk,Q486562,0,Helmstedt,Helmstedt,Germany
ibi4Gjwz,Q23112,0,Cambridgeshire,Cambridgeshire,United Kingdom
G37bWTxC,Q5273898,0,Southwark,Southwark,United Kingdom
VEv8z5pc,Q202059,0,London Borough of Lambeth,London Borough of Lambeth,United Kingdom
MDaUN9xs,Q2320761,0,Presnensky District,Presnensky District,Russia
diUttN86,Q649,0,Moscow,Moscow,Russia
5FxHYswx,Q78,0,Basel,Basel,Switzerland
YKgWfkbb,Q597,0,Lisbon,Lisbon,Portugal
She6hnVt,Q189166,0,Amadora,Amadora,Portugal
WifMcmzL,Q49145,0,New Haven,New Haven,United States of America
hfVLTcNb,Q49111,0,Cambridge,Cambridge,United States of America
nNvoMs8T,Q18424,0,Queens,Queens,United States of America
SnXvLPGu,Q2413277,0,Black Mountain,Black Mountain,United States of America
jBi6QCuf,Q17042,0,Oakland,Oakland,United States of America
4FTHYaGf,Q2833,0,Freiburg im Breisgau,Freiburg im Breisgau,Germany
Cr5NYZu9,Q3922,0,Detmold,Detmold,Germany
gu9kSJDg,Q138518,0,Princeton,Princeton,United States of America
nX8fz8qz,Q2751,0,Siena,Siena,Italy
JCkvuhys,Q34713,0,Salzburg,Salzburg,Austria
D7zj8y2m,Q220,0,Rome,Rome,Italy
Wk99hCAF,Q2044,0,Florence,Florence,Italy
fbXP4irq,Q163966,0,Bezirk Mitte,Bezirk Mitte,Germany
Q8KpiYwX,Q1781,0,Budapest,Budapest,Hungary
nN8Xvyro,Q3974,0,Landshut,Landshut,Germany
JUy7T4KK,Q3004,0,Ingolstadt,Ingolstadt,Germany
CsTXBZxd,Q23311,0,City of London,City of London,United Kingdom
4vRY7nEc,Q197297,0,17th arrondissement of Paris,17th arrondissement of Paris,France
2VfgbeWV,Q188801,0,Royal Borough of Kensington and Chelsea,Royal Borough of Kensington and Chelsea,United Kingdom
KBtiJzBc,Q2773,0,Brunswick,Brunswick,Germany
h6XMiTJr,Q14925,0,Mühlhausen/Thuringia,Mühlhausen/Thuringia,Germany
9Tium4Fv,Q490665,0,Arnstadt,Arnstadt,Germany
bTpHpqc3,Q179351,0,City of Westminster,City of Westminster,United Kingdom
m8HbBvBb,Q12191,0,Nantes,Nantes,France
R6dWWQrG,Q184883,0,Moulins,Moulins,France
JW7XgSBo,Q13144,0,Jesi,Jesi,Italy
aL2z38d3,Q72425,0,Pozzuoli,Pozzuoli,Italy
65Hn698Q,Q750514,0,Preuilly,Preuilly,France
VuwGJdma,Q31467408,0,Antwerp,Antwerp,Belgium
8ANmWc5i,Q319463,0,Nivelles,Nivelles,Belgium
2KYpxSD5,Q12887,0,Schaerbeek - Schaarbeek,Schaerbeek - Schaarbeek,Belgium
UaL7DKWF,Q473842,0,Saint-Valery-sur-Somme,Saint-Valery-sur-Somme,France
jFxsFWoX,Q194160,0,Clamart,Clamart,France
9TePw2GP,Q2683,0,Parma,Parma,Italy
LkUUGtoZ,Q8792,0,Strehla,Strehla,Germany
AMC5xDJn,Q2146570,0,Reudnitz,Reudnitz,Germany
nPbmLBUV,Q207145,0,Béthune,Béthune,France
8cDaepGu,Q83407,0,Mons,Mons,Belgium
9tU4Ldg5,Q1969,0,Ternand,Ternand,France
XYjq49o8,Q2845753,0,former 2nd arrondissement of Paris,former 2nd arrondissement of Paris,France
a7fE358b,Q163795,0,Valenciennes,Valenciennes,France
VnsRap2q,Q1022,0,Stuttgart,Stuttgart,Germany
kY3cFr77,Q517174,0,Lützen,Lützen,Germany
d8RUsgtP,Q42168,0,Clermont-Ferrand,Clermont-Ferrand,France
D4xdfGtX,Q275118,0,9th arrondissement of Paris,9th arrondissement of Paris,France
5oWixN3u,Q190134,0,Urbania,Urbania,Italy
GTZJ5BVA,Q212987,0,Choisy-le-Roi,Choisy-le-Roi,France
RxyMn8bd,Q63931,0,Stans,Stans,Switzerland
RirQVUua,Q69354,0,Montreux,Montreux,Switzerland
ExRiZDqE,Q3138,0,Trier,Trier,Germany
fQixdxrh,Q36378,0,Fribourg,Fribourg,Switzerland
9iZqdeYG,Q259617,0,Wasserburg am Inn,Wasserburg am Inn,Germany
kryfaPmL,Q12273,0,Gijón,Gijón,Spain
aF8DdEwS,Q46940,0,Alcalá de Henares,Alcalá de Henares,Spain
TTiDpPMo,Q663569,0,Trélon,Trélon,France
XsjPV59x,Q208713,0,Ixelles - Elsene,Ixelles - Elsene,Belgium
NWerpCFb,Q203312,0,Uccle,Uccle,Belgium
EDFn3ZJS,Q16554,0,Denver,Denver,United States of America
D8uLnusk,Q9005,0,Brussels metropolitan area,Brussels metropolitan area,Belgium
nnwGf9hS,Q12460,0,Lier,Lier,Belgium
SR6kzrmx,Q764369,0,Heverlee,Heverlee,Belgium
BjUXRvQb,Q390125,0,Linz am Rhein,Linz am Rhein,Germany
UM2PMNQA,Q1017,0,Aachen,Aachen,Germany
FXfyoxgj,Q64027,0,Nyon,Nyon,Switzerland
MyvdCftm,Q272243,0,Saint-Josse-ten-Noode - Sint-Joost-ten-Node,Saint-Josse-ten-Noode - Sint-Joost-ten-Node,Belgium
8id9Fcsj,Q1479,0,Bordeaux,Bordeaux,France
nLUFQGFf,Q35997,0,İzmir,İzmir,Turkey
2YnHSTKN,Q193929,0,Suresnes,Suresnes,France
cUWLRRms,Q172455,0,Boulogne-Billancourt,Boulogne-Billancourt,France
kNZNUWne,Q272004,0,Buxières-les-Mines,Buxières-les-Mines,France
NpieJDc3,Q3447253,0,rue Brochant,rue Brochant,France
NZ6iszyj,Q209549,0,2nd arrondissement of Paris,2nd arrondissement of Paris,France
G4yB26b9,Q329653,0,Landivisiau,Landivisiau,France
Bxzts6ip,Q43195,0,Aigle,Aigle,Switzerland
NgC5aAC5,Q163948,0,10th arrondissement of Paris,10th arrondissement of Paris,France
FzyWhUYQ,Q48958,0,Neuilly-sur-Seine,Neuilly-sur-Seine,France
2uBr79Yn,Q49605,0,Montecatini Terme,Montecatini Terme,Italy
M5RyJnDy,Q22690,0,Metz,Metz,France
UzPrx8U2,Q2688279,0,Burton-in-Kendal,Burton-in-Kendal,United Kingdom
CUN9XcXb,Q1297,0,Chicago,Chicago,United States of America
YM9gGYJ9,Q2378296,0,Rue Louise-Émilie-de-La-Tour-d'Auvergne,Rue Louise-Émilie-de-La-Tour-d'Auvergne,France
m52V53eF,Q399342,0,Bougival,Bougival,France
eJe565fW,Q71,0,Geneva,Geneva,Switzerland
XevpVsQU,Q81046,0,Charleroi,Charleroi,Belgium
LkjqCmKC,Q107501,0,Sarcelles,Sarcelles,France
LpahSk8R,Q194420,0,16th arrondissement of Paris,16th arrondissement of Paris,France
bTa6kXe8,Q131329,0,Arras,Arras,France
Me3crQkt,Q270230,0,8th arrondissement of Paris,8th arrondissement of Paris,France
LcQfY4Tm,Q202445,0,Cabourg,Cabourg,France
kW5V4cox,Q6761,0,Livorno,Livorno,Italy
NzFJYAo5,Q13464,0,Foggia,Foggia,Italy
jBmWv3jC,Q18102,0,Saint-Mandé,Saint-Mandé,France
NDNPJvoV,Q193256,0,Montluçon,Montluçon,France
h5oVzrqP,Q1004131,0,Le Taillan-Médoc,Le Taillan-Médoc,France
Jsabwk9J,Q638911,0,Vernouillet,Vernouillet,France
mRKn8gtp,Q39984,0,Cannes,Cannes,France
3y5YGTxy,Q2423318,0,Lower Broadheath,Lower Broadheath,United Kingdom
DySQefLn,Q1646181,0,Worcester,Worcester,United Kingdom
NJ4awYSk,Q869409,0,Neuve-Maison,Neuve-Maison,France
gJh9rCNb,Q1076338,0,Chessy,Chessy,France
Wd8DrrAo,Q621,0,Versailles,Versailles,France
aP4sN24C,Q41185,0,Caen,Caen,France
kft7jDnj,Q641607,0,Le Vésinet,Le Vésinet,France
SFiJwAPH,Q200126,0,18th arrondissement of Paris,18th arrondissement of Paris,France
6PcXdHQv,Q133069,0,Bourg-en-Bresse,Bourg-en-Bresse,France
aHD69vBe,Q175129,0,13th arrondissement of Paris,13th arrondissement of Paris,France
UxpLFV5P,Q532352,0,La Villette,La Villette,France
mpaqtXTK,Q2970412,0,Romainville Château,Romainville Château,France
kuQs9DeD,Q6737,0,Castellammare di Stabia,Castellammare di Stabia,Italy
ULtTJ7ux,Q189236,0,Velletri,Velletri,Italy
8Ps8YtTw,Q2845756,0,former 5th arrondissement of Paris,former 5th arrondissement of Paris,France
4oBhHZid,Q259463,0,7th arrondissement of Paris,7th arrondissement of Paris,France
A5w5N2s7,Q1130822,0,Edgeworth,Edgeworth,United States of America
ZwGv9DdE,Q171689,0,12th arrondissement of Paris,12th arrondissement of Paris,France
Ljiz7Pro,Q3451124,0,rue de Ventadour,rue de Ventadour,France
jxKK4Mwd,Q3450635,0,rue de Castiglione,rue de Castiglione,France
EPCgSTYA,Q189715,0,Courbevoie,Courbevoie,France
X4C7TW5x,Q15149908,0,former 11th arrondissement of Paris,former 11th arrondissement of Paris,France
ixNesbEv,Q328077,0,Vertou,Vertou,France
jwZCEL66,Q187911,0,Bergerac,Bergerac,France
i5KuWTpk,Q187153,0,14th arrondissement of Paris,14th arrondissement of Paris,France
ZuXucF3N,Q16121,0,Beaune,Beaune,France
MPekeT4d,Q13373,0,Lucca,Lucca,Italy
2iowGzdr,Q111901161,0,Brussels,Brussels,Belgium
HepeVksP,Q3344,0,2nd arrondissement of Lyon,2nd arrondissement of Lyon,France
QLmppQZE,Q1144926,0,Saint-Julien-de-l'Escap,Saint-Julien-de-l'Escap,France
myGD95dL,Q2922038,0,boulevard des Batignolles,boulevard des Batignolles,France
GVQAraJD,Q518204,0,Querfurt,Querfurt,Germany
77pRaPL8,Q238434,0,Saint-Médard-en-Jalles,Saint-Médard-en-Jalles,France
3rgsapfR,Q174019,0,Béziers,Béziers,France
N7D2KQes,Q71724,0,Lorient,Lorient,France
Qbg9wtnb,Q23482,0,Marseille,Marseille,France
MXdLpRKd,Q736462,0,Le Lavandou,Le Lavandou,France
9EmuVyHX,Q41876,0,Reims,Reims,France
jvzfZrxy,Q178878,0,Békéscsaba,Békéscsaba,Hungary
a8By8Pqj,Q16532200,0,Bercy,Bercy,France
ZV9oKCxi,Q504953,0,Vouvray,Vouvray,France
6KPGTuk7,Q34404,0,New Orleans,New Orleans,United States of America
fTrQa83t,Q1345,0,Philadelphia,Philadelphia,United States of America
d9YQvB32,Q688596,0,Hawthorne,Hawthorne,United States of America
MUfNyTFg,Q648,0,Lille,Lille,France
VFdd34Vd,Q14889,0,Schwabach,Schwabach,Germany
nxZJwJZ6,Q993942,0,Cieplice Śląskie-Zdrój,Cieplice Śląskie-Zdrój,Poland
NMBgXeGD,Q14821,0,Coburg,Coburg,Germany
nVd92sv3,Q2119,0,Mannheim,Mannheim,Germany
Ly6uBhyd,Q288781,0,Kensington,Kensington,United Kingdom
ChYvViUD,Q210205,0,Pest,Pest,Hungary
DSPVf4Sg,Q69035,0,Chêne-Bourg,Chêne-Bourg,Switzerland
PHN9hMsa,Q42716,0,Saint-Étienne,Saint-Étienne,France
kTcYysaY,Q733009,0,Lorgues,Lorgues,France
iUj6z92U,Q201352,0,Pontoise,Pontoise,France
ay7kvGC8,Q40898,0,Nancy,Nancy,Duchy of Lorraine
mfnsFcRY,Q130272,0,Chartres,Chartres,France
6WHPpjFs,Q1165029,0,Le Pouliguen,Le Pouliguen,France
aiHspLU2,Q2973,0,Darmstadt,Darmstadt,Germany
9mUezGMN,Q633628,0,Contrexéville,Contrexéville,France
gvkiEQxM,Q1165862,0,Saintry-sur-Seine,Saintry-sur-Seine,France
CroMXjke,Q6625,0,Agen,Agen,France
PvjS79ck,Q343,0,La Flèche,La Flèche,France
4cQKphDr,Q83404,0,Timișoara,Timișoara,Romania
Pn73fQ3N,Q19660,0,Bucharest,Bucharest,Romania
d3J9stPx,Q609134,0,Joinville-le-Pont,Joinville-le-Pont,France
YEUtoF36,Q2891347,0,Batignolles-Monceau,Batignolles-Monceau,France
o83fMws4,Q36433,0,Porto,Porto,Portugal
karjSL3s,Q4120832,0,Königsberg,Königsberg,Prussia
buq9GpGb,Q4100,0,Baden-Baden,Baden-Baden,Germany
Uqz5gKai,Q3929,0,Port Louis,Port Louis,Mauritius
8ZjT3cFP,Q45240,0,Monte Carlo,Monte Carlo,Monaco
ZYndzk8g,Q25036,0,Crescentino,Crescentino,Italy
Pqaewj9f,Q30974,0,Rouen,Rouen,France
jvupt6CE,Q815721,0,Nysa,Nysa,Poland
eS93EBjb,Q818787,0,Hoegaarden,Hoegaarden,Belgium
ZkWK6BnV,Q834850,0,Borgerhout,Borgerhout,Belgium
EbnVMrca,Q1904383,0,Weert,Weert,Belgium
HtYrT7vt,Q160262,0,Caprarola,Caprarola,Italy
7V6KM4vA,Q1704244,0,Rumbeke,Rumbeke,Belgium
jNGTn9Nq,Q177728,0,Soriano nel Cimino,Soriano nel Cimino,Italy
ccLL7z6z,Q2656,0,Palermo,Palermo,Italy
C5fbftKX,Q16196,0,Province of Latina,Province of Latina,Italy
f9djjLJd,Q124110,0,Loreto,Loreto,Italy
UxptXrBC,Q345331,0,Łańcut,Łańcut,Poland
ich5QbC6,Q2845761,0,former 8th arrondissement of Paris,former 8th arrondissement of Paris,France
UAsHfa4y,Q44160,0,Toulon,Toulon,France
iS4kQz4H,Q2742,0,Münster,Münster,Germany
YfN8FV5P,Q4011,0,Wesel,Wesel,Germany
Y9TFq2VL,Q2749,0,Augsburg,Augsburg,Germany
eJmMkrYF,Q2790,0,Udine,Udine,Italy
RvAc2jXn,Q15912,0,Municipality of Ribnica,Municipality of Ribnica,Slovenia
XMU4WE3Z,Q2596325,0,Ribnica,Ribnica,Slovenia
jDhrg8SX,Q156080,0,Opava,Opava,Czech Republic
XsemBD2v,Q5990,0,Vercelli,Vercelli,Italy
AiJUxaJd,Q1279726,0,Ebersberg,Ebersberg,Germany
KjFUKQ53,Q1993558,0,Vergnies,Vergnies,Belgium
dovA3X2G,Q1241308,0,Passy,Passy,France
BrGDbQMx,Q391953,0,Ermenonville,Ermenonville,France
fbR7p85K,Q6397,0,Avignon,Avignon,France
cHNBXqjF,Q212793,0,Charenton-le-Pont,Charenton-le-Pont,France
V4y6457i,Q1332796,0,Andelot-Blancheville,Andelot-Blancheville,France
BhJe65Fk,Q1166602,0,Domont,Domont,France
fVkLFh9e,Q208794,0,Lunéville,Lunéville,France
7jcLcbUX,Q189960,0,Westminster,Westminster,United Kingdom
n3iVJsjM,Q23092,0,Nottinghamshire,Nottinghamshire,United Kingdom
LPPjLsLK,Q23157,0,Somerset,Somerset,United Kingdom
DdDPTcrP,Q23090,0,Lincolnshire,Lincolnshire,United Kingdom
cSBUDXaw,Q1008415,0,Stondon Massey,Stondon Massey,United Kingdom
BzgzuT8t,Q235,0,Monaco,Monaco,Monaco
b7dYFHUa,Q192368,0,Vence,Vence,France
HDz79C6j,Q574429,0,Seeheim-Jugenheim,Seeheim-Jugenheim,Germany
m2fLiMsU,Q47465,0,Aix-en-Provence,Aix-en-Provence,France
hUsdvcFr,Q209814,0,Guebwiller,Guebwiller,France
NashhWHM,Q3141,0,Melbourne,Melbourne,Australia
eEBUzcNC,Q98036053,0,Richmond,Richmond,Australia
3hWfto8B,Q1897,0,Cagliari,Cagliari,Italy
DHqBUper,Q13320,0,Savona,Savona,Italy
5hXiBtGn,Q1308,0,Como,Como,Italy
HTGMNJGB,Q1844,0,Vaduz,Vaduz,Liechtenstein
5pTGCYYY,Q2297044,0,Ilford,Ilford,United Kingdom
gieRSCuN,Q2679243,0,Woodford Green,Woodford Green,United Kingdom
nFRxeXYZ,Q29303,0,Canterbury,Canterbury,United Kingdom
CwUYdxiJ,Q1381167,0,Sceaux-du-Gâtinais,Sceaux-du-Gâtinais,France
RmK6m9pk,Q815948,0,Gistel,Gistel,Belgium
YEJyVtYU,Q370804,0,Ofatinți,Ofatinți,Moldova
BqcksJYr,Q178310,0,Petergof,Petergof,Russia
VgWRoahk,Q234735,0,Meudon,Meudon,France
cEMe8RPA,Q10282,0,Pamplona,Pamplona,Spain
ENoVhPcd,Q132790,0,Biarritz,Biarritz,France
mgcA9gDg,Q11299,0,Manhattan,Manhattan,United States of America
Mh9YWeUn,Q724238,0,Edegem,Edegem,Belgium
HXcrezvc,Q642810,0,Missolonghi,Missolonghi,Greece
QTnY36vY,Q15336,0,Tikhvin,Tikhvin,Russia
C47ucAZB,Q3835698,0,Lyubensk,Lyubensk,Russia
MJgZj7MG,Q72,0,Zurich,Zurich,Switzerland
e4bM5vcc,Q4214859,0,Karevo,Karevo,Russia
AJ9DsBeF,Q2214,0,Pskov,Pskov,Russia
cUEwJR9e,Q206988,0,Cheltenham,Cheltenham,United Kingdom
hxmLtp8U,Q3852,0,Worms,Worms,Holy Roman Empire
Vs8biJF2,Q8621,0,Terni,Terni,Italy
GJPs2Prs,Q645382,0,Sanitz,Sanitz,Germany
M8hA3LmY,Q98034450,0,Teutendorf,Teutendorf,Germany
RJuGyqmP,Q5128,0,Woerden,Woerden,Netherlands
AkFJMLpt,Q34370,0,Rotterdam,Rotterdam,Netherlands
Y6J8nUJ6,Q1693076,0,Stratford-on-Avon,Stratford-on-Avon,United Kingdom
gdGLgxyG,Q487070,0,Dessau,Dessau,Germany
ber4Q6Y3,Q189419,0,Zemun,Zemun,Serbia
NUxuYFQd,Q196996,0,Zeulenroda,Zeulenroda,Germany
BHHwjkB4,Q6602,0,Strasbourg,Strasbourg,France
aFhvv377,Q258622,0,Geiselgasteig,Geiselgasteig,Germany
HoqygEsg,Q52265016,0,Harlaching,Harlaching,Germany
kWBNtuJY,Q912106,0,Merchtem,Merchtem,Belgium
T363SwX4,Q841396,0,Pont-de-Roide-Vermondans,Pont-de-Roide-Vermondans,France
cpU3CLq9,Q685895,0,Tierceville,Tierceville,France
J3nRMGnQ,Q133838,0,Votkinsk,Votkinsk,Russia
kf3nZG2b,Q30159190,0,"Malaya Morskaya Street, 13","Malaya Morskaya Street, 13",Soviet Union
5kDYYyu7,Q3475052,0,Sinaai,Sinaai,Belgium
bvQMRZej,Q277162,0,Hammersmith,Hammersmith,United Kingdom
hoMFZs5A,Q1309,0,Maastricht,Maastricht,Netherlands
GeCMnv78,Q3392580,0,Ploujean,Ploujean,France
aSj2yDYD,Q3367868,0,Fulham,Fulham,United Kingdom
7ghwQt8T,Q486450,0,Baden,Baden,Austria
TF3dVVaX,Q999950,0,Kaliště,Kaliště,Czech Republic
esDwjdAF,Q1406659,0,Kaliště,Kaliště,Czech Republic
cFR6nVXh,Q365,0,Cologne,Cologne,Germany
2dsSyB68,Q692390,0,Friedenau,Friedenau,Germany
Y59WH8ZP,Q155281,0,Kuldīga,Kuldīga,Latvia
kf5zKxN8,Q209834,0,Pamiers,Pamiers,France
Hy6Yxd2K,Q13765,0,Puigcerdà,Puigcerdà,Spain
gUYSE2M4,Q216,0,Vilnius,Vilnius,Lithuania
mnJ5ETaC,Q3322455,0,Montaud,Montaud,France
iLfYcA3R,Q81722,0,Kamenz,Kamenz,Germany
CryiACKA,Q25610,0,Hampstead,Hampstead,United Kingdom of Great Britain and Ireland
dDKDwjWr,Q913386,0,Scunthorpe,Scunthorpe,United Kingdom
E2LkCZm2,Q668630,0,Péruwelz,Péruwelz,Belgium
R9wV9cS6,Q1785561,0,Koudekerke,Koudekerke,Netherlands
UtGfBPx9,Q107356996,0,Ter Hooge,Ter Hooge,Netherlands
Nhkhinid,Q2347146,0,Aerdenhout,Aerdenhout,Netherlands
T9eWy28B,Q9908,0,Bloemendaal,Bloemendaal,Netherlands
LkrSG9qd,Q17747439,0,Klein-Willebroek,Klein-Willebroek,Belgium
RnTdUMFY,Q528222,0,Bonheiden,Bonheiden,Belgium
7Qd9faLY,Q536722,0,Lübtheen,Lübtheen,Germany
Vqrd3CgV,Q2384,0,Bergedorf,Bergedorf,Germany
BCNdTNFh,Q2282694,0,Hanzinne,Hanzinne,Belgium
9tUNpEZc,Q7070,0,Eisenach,Eisenach,Germany
LopakCZz,Q464955,0,Windsor,Windsor,United Kingdom
GCoALpyd,Q94978,0,Tolentino,Tolentino,Italy
muDEwv5D,Q13134,0,Pesaro,Pesaro,Italy
Avdx8mhj,Q72288,0,Nola,Nola,Italy
nBvQXgEp,Q13318,0,Imperia,Imperia,Italy
523WyjKE,Q2119652,0,Oneglia,Oneglia,Italy
d5Z68PVs,Q727,0,Amsterdam,Amsterdam,Netherlands
mKRBMxaf,Q191066,0,15th arrondissement of Paris,15th arrondissement of Paris,France
fj7a9Smm,Q2453259,0,Surbiton,Surbiton,United Kingdom
8bhDVnQg,Q877052,0,Mattsee,Mattsee,Austria
gznrCGdr,Q2497052,0,Unter Sankt Veit,Unter Sankt Veit,Austria
fseaS329,Q189153,0,Saint-Cloud,Saint-Cloud,France
UBCxhFqd,Q265332,0,Gray,Gray,France
cveTsJSK,Q2100,0,Duisburg,Duisburg,Germany
jHKpj3cK,Q569827,0,Spandau,Spandau,Germany
9AC4GTSY,Q69629,0,Lohn,Lohn,Switzerland
Qp8vq8kQ,Q42810,0,Le Havre,Le Havre,France
QxhBm7SM,Q281272,0,Linares,Linares,Spain
22Qm9haJ,Q1902138,0,La Granadella,La Granadella,Spain
jvFHbkUT,Q1492,0,Barcelona,Barcelona,Spain
V3oBfwCr,Q68160,0,Vevey,Vevey,Switzerland
fYDgaXWA,Q6998989,0,Nether Wallop,Nether Wallop,United Kingdom
9ucdZQMD,Q502581,0,Knox County,Knox County,United States of America
iMfBZzbL,Q816096,0,Belmont,Belmont,United States of America
fCE3Fxej,Q975653,0,NewYork–Presbyterian Hospital,NewYork–Presbyterian Hospital,United States of America
nQPc6GxJ,Q17686,0,Tortona,Tortona,Italy
7qymy8cZ,Q3802,0,Hanau,Hanau,Germany
heKvsUAi,Q5475,0,Treviso,Treviso,Italy
TonYSRCv,Q161741,0,1st arrondissement of Paris,1st arrondissement of Paris,France
CMH8XK6t,Q60847808,0,Saint-Germain-en-Laye,Saint-Germain-en-Laye,France
NXDYdjm8,Q15682,0,Cádiz,Cádiz,Spain
mfA9JDV2,Q48293,0,Alta Gracia,Alta Gracia,Argentina
fm5xBaF4,Q457569,0,Blâmont,Blâmont,France
4XknngxC,Q87,0,Alexandria,Alexandria,Egypt
W9kRJg9S,Q6106,0,Portland,Portland,United States of America
AgqVHBTT,Q638187,0,Lafayette,Lafayette,United States of America
n3DCDSd4,Q2090,0,Nuremberg,Nuremberg,Germany
bcTRsSar,Q2966,0,Heidelberg,Heidelberg,Germany
HoB4yjmg,Q1013914,0,Polička,Polička,Czech Republic
7JMmrPi9,Q68972,0,Liestal,Liestal,Switzerland
nnGHhiXS,Q3389747,0,place Charles-Dullin,place Charles-Dullin,France
cUF9twPC,Q3449728,0,rue Richer,rue Richer,France
R5Z3mHWk,Q181955,0,Aix-les-Bains,Aix-les-Bains,France
LD9TSxJM,Q37776,0,Besançon,Besançon,France
67qw8BDt,Q192574,0,Hyères,Hyères,France
dDEiGXXd,Q266148,0,Pontlevoy,Pontlevoy,France
bwMcFmUs,Q864123,0,La Côte-Saint-André,La Côte-Saint-André,France
2cjzvsX6,Q26793,0,Bergen,Bergen,Norway
Xpc7uBEm,Q478797,0,Harelbeke,Harelbeke,Belgium
KGTpvHk8,Q660821,0,Raiding,Raiding,Austria
FugMPbQk,Q3923,0,Bayreuth,Bayreuth,Germany
ZqNTqCWm,Q169293,0,11th arrondissement of Paris,11th arrondissement of Paris,France
9Nm8pu9T,Q3561,0,Algiers,Algiers,Algeria
Nxicezvi,Q833431,0,Rosnay,Rosnay,France
mWrrDisP,Q49364164,0,Rosnay,Rosnay,France
jqVkzedo,Q2921894,0,boulevard Pereire,boulevard Pereire,France
7Gk2ghcA,Q6393,0,Brive-la-Gaillarde,Brive-la-Gaillarde,France
jCrJm9Qk,Q284910,0,Saint-Amant-Tallende,Saint-Amant-Tallende,France
U4jJR5An,Q699137,0,Rottleberode,Rottleberode,Germany
mAzE5Nf7,Q2393518,0,Hodimont,Hodimont,Belgium
oBYJjA9Y,Q572615,0,Beeskow,Beeskow,Germany
kmfWiXtq,Q501661,0,Schleswig,Schleswig,Germany
DpNySsgB,Q837161,0,Sânnicolau Mare,Sânnicolau Mare,Romania
9hA7RZet,Q705752,0,Brand,Brand,Germany
dQKr7Ehk,Q1549451,0,Großmehlra,Großmehlra,Germany
XKACD2Ty,Q18125,0,Manchester,Manchester,United Kingdom
emGQiTDV,Q5660,0,Baltiysk,Baltiysk,Russia
Dh26tJDM,Q85,0,Cairo,Cairo,Egypt
knXV6pvC,Q9858,0,Oosterhout,Oosterhout,Netherlands
gqmdTGMK,Q3086417,0,Lakeville,Lakeville,United States of America
YiZwRWhH,Q6850,0,Peine,Peine,Germany
HYYo8J7J,Q484678,0,Berkeley,Berkeley,United States of America
Dro5DwZo,Q6697,0,Empoli,Empoli,Italy
DBDLXJHn,Q210003,0,Halle,Halle,Belgium
m8U7ZHMq,Q104035415,0,Villa Servais,Villa Servais,Belgium
CpkRues3,Q3187153,0,Joué-Étiau,Joué-Étiau,France
7XA3iAcG,Q391344,0,Hondschoote,Hondschoote,France
jrX3MpYb,Q393087,0,Żelazowa Wola,Żelazowa Wola,Poland
mJvuCqSD,Q475931,0,Westerlo,Westerlo,Belgium
78QPURGS,Q179249,0,Zemst,Zemst,Belgium
dWdfCqBK,Q3778,0,Zwickau,Zwickau,Germany
KtQWKhig,Q153759,0,Endenich,Endenich,Germany
b3RMkmKn,Q504499,0,Freystadt,Freystadt,Germany
jJQm7sXr,Q3452235,0,rue du Conservatoire,rue du Conservatoire,France
YhzTZqWq,Q687026,0,Himmelpfortgrund,Himmelpfortgrund,Austria
eKiHekvq,Q98046137,0,Mustapha-Superieur,Mustapha-Superieur,Algeria
Zx6VYQH5,Q11131,0,Hazebrouck,Hazebrouck,France
FUVquZPx,Q18786372,0,Huysse-Lozère,Huysse-Lozère,Belgium
fJWmWr3M,Q19832870,0,10 rue Hérold,10 rue Hérold,France
cKuetbkq,Q878270,0,Waltersdorf (Großschönau),Waltersdorf (Großschönau),Germany
efBz2b3s,Q23894249,0,Erasbach,E,Germany
2cANUtMR,Q134346,0,Angoulême,Angoulême,France
AEoz6eRL,Q22249019,0,"Rue aux Ours, Rouen","Rue aux Ours, Rouen",France
gpjvtEgw,Q696041,0,Varennes-Jarcy,Varennes-Jarcy,France
2SqPgzUd,Q2845754,0,former 3rd arrondissement of Paris,former 3rd arrondissement of Paris,France
6msS3oug,Q490445,0,Eutin,Eutin,Germany
5E9hgnEC,Q2843,0,Lübeck,Lübeck,Germany
2B3iaaMF,Q2845760,0,former 7th arrondissement of Paris,former 7th arrondissement of Paris,France
oLLSYQmF,Q33959,0,Nice,Nice,France
6rNSbLYV,Q6730,0,Perpignan,Perpignan,France
6YcEJKrW,Q523642,0,Bad Belzig,Bad Belzig,Germany
bqGtGe4z,Q124139,0,Maiolati Spontini,Maiolati Spontini,Italy
eDJY9EUa,Q468578,0,Caderousse,Caderousse,France
SzBL7Li4,Q106194288,0,Rauhensteingasse,Rauhensteingasse,Austria
gjVYGcEQ,Q628,0,Bergamo,Bergamo,Italy
HXBuTDzX,Q503737,0,Rain,Rain,Germany
QwHjvV6V,Q500588,0,L'Aigle,L'Aigle,France
7hzGTYxW,Q3104,0,Koblenz,Koblenz,Germany
eKiujosP,Q1780,0,Bratislava,Bratislava,Slovakia
XknFGbRv,Q3955,0,Weimar,Weimar,Germany
CUHPUbe8,Q3661158,0,Casa Rossini,Casa Rossini,Italy
322brsk4,Q2865,0,Kassel,Kassel,Germany
iKvzhhmZ,Q255105,0,Enghien-les-Bains,Enghien-les-Bains,France
CZ3DPSS6,Q229792,0,Montmédy,Montmédy,France
gKVyBatn,Q1382,0,Piran,Piran,Slovenia
bD59eiup,Q546,0,Trieste,Trieste,Italy
Z2dxktag,Q19279,0,Aversa,Aversa,Italy
AaECfyZk,Q100111,0,Vignola,Vignola,Italy
af9tXzuo,Q204622,0,19th arrondissement of Paris,19th arrondissement of Paris,France
DJxsF4LE,Q64147,0,Visp,Visp,Switzerland
9naWwski,Q743535,0,Chelsea,Chelsea,United Kingdom
EVahdUGr,Q1615351,0,'s-Graveland,'s-Graveland,Netherlands
3LmRDTEb,Q845619,0,Taunton,Taunton,United Kingdom
YKkfPuHC,Q6088,0,Alessandria,Alessandria,Italy
heF7MvHs,Q793,0,Zwolle,Zwolle,Netherlands
dvnv2bcc,Q773957,0,Cartmel Fell,Cartmel Fell,United Kingdom
YRRq3WH3,Q338140,0,Coniston,Coniston,United Kingdom
YhU9fwhw,Q680468,0,Sankt Georgen im Attergau,Sankt Georgen im Attergau,Austria
iomhbiHx,Q6221,0,Brescia,Brescia,Italy
LtjSwnTm,Q13140,0,San Benedetto del Tronto,San Benedetto del Tronto,Italy
jYJJdaMQ,Q13625,0,Vibo Valentia,Vibo Valentia,Italy
dC3fbRyD,Q1476,0,Le Mans,Le Mans,France
MUopfDHD,Q2449644,0,Haslemere,Haslemere,United Kingdom
6BzHQjSm,Q667936,0,Lobbes,Lobbes,Belgium
7wUexPfj,Q126898,0,Antibes,Antibes,France
Cmnnao2v,Q81997,0,Boulogne-sur-Mer,Boulogne-sur-Mer,France
EsKaWDS4,Q207593,0,Muret,Muret,France
W3j5hTH9,Q1792,0,Gdańsk,Gdańsk,Poland
hK9MDN2o,Q15123,0,Province of Naples,Province of Naples,Italy
RfK3bXUG,Q182872,0,Fontainebleau,Fontainebleau,France
ZC3PyamC,Q185075,0,Saint-Germain-en-Laye,Saint-Germain-en-Laye,France
BsmzGsyT,Q1480604,0,Château de Pau,Château de Pau,France
NgZwrdXu,Q564868,0,Linlithgow Palace,Linlithgow Palace,United Kingdom
7dEVzDRc,Q1439593,0,Fotheringhay Castle,Fotheringhay Castle,United Kingdom
TVjiPeUB,Q23115,0,Northamptonshire,Northamptonshire,United Kingdom
AP9MhNkY,Q205576,0,Châtellerault,Châtellerault,France
B7gtmRUk,Q5489,0,Troyes,Troyes,France
Hxo3K2XM,Q702259,0,Elberfeld,Elberfeld,Germany
YaKLJ7tE,Q8717,0,Seville,Seville,Spain
63tu2PPL,Q6190647,0,Jeżyce,Jeżyce,Poland
Gh867t3U,Q502921,0,Bad Wiessee,Bad Wiessee,Germany
3PbKbx4o,Q973641,0,Ontinyent,Ontinyent,Spain
Q7ZF37EE,Q174002,0,Colombes,Colombes,France
WYPRWwdn,Q236658,0,La Garenne-Colombes,La Garenne-Colombes,France
oYhf9DwP,Q622565,0,Usingen,Usingen,Germany
ZHyKzyWb,Q52691,0,Venosa,Venosa,Italy
SpQviVdj,Q55037,0,Gesualdo,Gesualdo,Italy
Aa53frJZ,Q23298,0,Kent,Kent,United Kingdom
dBB8Fz9y,Q179385,0,Greenwich,Greenwich,United Kingdom
HexLhPPm,Q242926,0,Marino,Marino,Italy
TdLhHa5t,Q33470616,0,Oudewater,Oudewater,Netherlands
TPPv6UFm,Q53827,0,Amantea,Amantea,Italy
kVTGUsJ5,Q527808,0,Wijnegem,Wijnegem,Belgium
5bmWHkNF,Q102217,0,Vitebsk,Vitebsk,Belarus
4T2uWaj3,Q650239,0,Philippeville,Philippeville,Belgium
RS27J49k,Q274327,0,Saint-Maurice,Saint-Maurice,France
8S4Aou9U,Q4325584,0,Novospasskoye,Novospasskoye,Russia
cPw73oYR,Q2337,0,Smolensk,Smolensk,Russia
bZGgWsWB,Q506738,0,Schleiz,Schleiz,Germany
UtNGkV6s,Q929481,0,Marchena,Marchena,Spain
Y84cmbXC,Q2028,0,Verona,Verona,Italy
LotzbE9a,Q53190,0,Sacile,Sacile,Italy
J5dK7b7k,Q4431,0,Bad Köstritz,Bad Köstritz,Germany
4gqmTQtY,Q52101,0,Middelburg,Middelburg,Netherlands
UYxMNnJq,Q215244,0,Diksmuide,Diksmuide,Belgium
A2qPbBaD,Q682850,0,Bad Zell,Bad Zell,Austria
mqs5NP6b,Q17151,0,Thessaloniki,Thessaloniki,Greece
KFgCNqm9,Q13375,0,Pisa,Pisa,Italy
MruPddEX,Q2766547,0,'s-Hertogenbosch,'s-Hertogenbosch,Netherlands
WaAiuf8M,Q818804,0,Berchem,Berchem,Belgium
XyMWqErC,Q191415,0,Asnières-sur-Seine,Asnières-sur-Seine,France
GxkpcLWp,Q1009849,0,Asnières,Asnières,France
FJq4fJxc,Q134121,0,Namur,Namur,Belgium
dPLh8CNQ,Q176155,0,Nepi,Nepi,Italy
3DmPuAyo,Q1449,0,Genoa,Genoa,Italy
5YXiRwqn,Q55416,0,Chioggia,Chioggia,Italy
UN2GwACe,Q104046,0,Coccaglio,Coccaglio,Italy
bymqBWsd,Q6397066,0,Shiraz,Shiraz,Iran
YxJftKSw,Q209005,0,Cachan,Cachan,France
jPbVDsGL,Q752348,0,Rabat,Rabat,Malta
nZ6gifFF,Q907635,0,Marsalforn,Marsalforn,Malta
CnWq3wne,Q323633,0,Fauquembergues,Fauquembergues,France
ABW4QFuw,Q2936,0,Oldenburg,Oldenburg,Germany
hxSVng2V,,0,Polish–Lithuanian Commonwealth,,
FigjqUbp,Q15688,0,Ávila,Ávila,Spain
ZjrPRoq6,Q1718,0,Düsseldorf,Düsseldorf,Germany
4HMHNgPa,Q111705,0,Salò,Salò,Italy
E3fj5wmX,Q104577,0,Desenzano del Garda,Desenzano del Garda,Italy
eV8WJgrJ,Q6582,0,Carcassonne,Carcassonne,France
gMFUgkLu,Q135104,0,Le Kremlin-Bicêtre,Le Kremlin-Bicêtre,France
KtF8y9iY,Q661877,0,Guntramsdorf,Guntramsdorf,Austria
SLUNLZXB,Q330409,0,Ústí nad Orlicí,Ústí nad Orlicí,Czech Republic
NEouaBj8,Q217178,0,Avesnes-sur-Helpe,Avesnes-sur-Helpe,France
BoNtyT2Z,Q2845749,0,former 10th arrondissement of Paris,former 10th arrondissement of Paris,France
Jt9xfuhH,Q132671,0,Pau,Pau,France
LPeogYSR,Q259120,0,Leopoldstadt,Leopoldstadt,Austria
SHeA24rE,Q184163,0,Colchester,Colchester,United Kingdom
fx8rXiX8,Q266230,0,Oberstdorf,Oberstdorf,Germany
QJLrt6ET,Q341777,0,Čáslav,Čáslav,Czech Republic
aBrma3Zv,Q261440,0,Mallersdorf-Pfaffenberg,Mallersdorf-Pfaffenberg,Germany
cV2zJEdw,Q28023210,0,Oberellenbach (Mallersdorf-Pfaffenberg),Oberellenbach (Mallersdorf-Pfaffenberg),Germany
HXkgv2HT,Q526007,0,Walderbach,Walderbach,Germany
Bc5wBEo3,Q5609925,0,Grobniki,Grobniki,Poland
UVXp6EbH,Q157688,0,Lomonosov,Lomonosov,Russia
iQ2xoFYP,Q68305,0,Wetzikon,Wetzikon,Switzerland
bQv4KuMJ,Q13498,0,Taranto,Taranto,Italy
mqgo3ELz,Q6231,0,Cremona,Cremona,Italy
LYwZphct,Q243133,0,Palestrina,Palestrina,Italy
GeCcJQ2K,Q216638,0,Wakefield,Wakefield,United Kingdom
erTk6Qaw,Q70093,0,Evilard,Evilard,Switzerland
7rzJP42T,Q235208,0,Ciboure,Ciboure,France
W2oVnchf,Q3452020,0,Rue des Récollets,Rue des Récollets,Belgium
DjwLrnKK,Q316891,0,Montmorency,Montmorency,France
K8vRTnmT,Q2999,0,Würzburg,Würzburg,Germany
HMtn69hB,Q288,0,Tours,Tours,France
MURquAr4,Q18199480,0,Auteuil,Auteuil,France
koUdUEGs,Q973923,0,Fredericksburg,Fredericksburg,United States of America
8fY2Pnyj,Q13362,0,Ferrara,Ferrara,Italy
jQMy8efT,Q20083,0,Meerane,Meerane,Germany
nJs6iCY3,Q5870,0,Freital,Freital,Germany
UUqcdqAT,Q92212,0,Opole,Opole,Poland
ZeqzYixB,Q80563,0,Amalfi,Amalfi,Italy
4H33SXc5,Q83358,0,Potenza Picena,Potenza Picena,Italy
fnLS4Qjg,Q3543,0,Potenza,Potenza,Italy
8WiNAXLX,Q52982,0,Fusignano,Fusignano,Italy
FaAPk9NS,Q274740,0,Beaurevoir,Beaurevoir,France
Ha7SvtCj,Q26385,0,Vermandois,Vermandois,France
64PNyV5U,Q494533,0,Condé-sur-l'Escaut,Condé-sur-l'Escaut,France
h7TnHWJr,Q1375128,0,Häselrieth,Häselrieth,Germany
fdvcMeN4,Q1770,0,Tallinn,Tallinn,Estonia
RvtHUsUz,Q157035,0,Bückeburg,Bückeburg,Germany
TLBzhp5W,Q1810148,0,Le Roncole,Le Roncole,Italy
RwoG5ATE,Q517107,0,Rudolstadt,Rudolstadt,Germany
DJX6R4dq,Q1903,0,Catania,Catania,Italy
eGo8RM4m,Q102661,0,Pescia,Pescia,Italy
9UtMCEkJ,Q6548,0,Orléans,Orléans,France
VUaK3uKe,Q19306,0,Altamura,Altamura,Italy
Jht2wLwd,Q25066,0,Fontanetto Po,Fontanetto Po,Italy
K2mb7XnM,Q632175,0,Meylan,Meylan,France
BDEHMF3b,Q1341160,0,Hiis,Hiis,France
4GKCRDgx,Q133315,0,Limerick,Limerick,Ireland
Rus3AfkH,Q241940,0,Givet,Givet,France
NiZuYFoa,Q979037,0,Tasdorf,Tasdorf,Germany
3KcFHwNg,Q635542,0,Tasdorf,Tasdorf,Germany
cCgKxF8R,Q673075,0,Rohrau,R,Austria
ai8ByuFL,Q234743,0,Puteaux,Puteaux,France
SrWHt5iV,Q1101461,0,Chamouilley,Chamouilley,France
cnYxQJt9,Q44573,0,Żebbuġ,Żebbuġ,Malta
Mbv7BGvE,Q193896,0,Malta,Malta,Malta
YQSQGqNU,Q764362,0,Damazan,Damazan,France
njzjaCwQ,Q82810,0,Reggello,Reggello,Italy
oVTANpLu,Q19278,0,Bitonto,Bitonto,Italy
CmptxrAx,Q10045,0,IJsselstein,IJsselstein,Netherlands
goYF9L3A,Q622,0,Ludwigsburg,Ludwigsburg,Germany
5ePgm7TT,Q13486,0,Andria,Andria,Italy
aCZtwsj7,Q6247,0,Mantua,Mantua,Italy
7gNU56au,Q1243,0,Veneto,Veneto,Italy
HgVUuaP9,Q585963,0,Evesham,Evesham,United Kingdom
4gRyjpMr,Q52439,0,Burano,Burano,Italy
cM3skN56,Q47094,0,Bassano del Grappa,Bassano del Grappa,Italy
jGtMp49U,Q1711,0,Potsdam,Potsdam,Germany
RQxYCFy5,Q2154120,0,Kamenice,Kamenice,Czech Republic
AEDrWwSS,Q1019961,0,Kamenice nad Lipou,Kamenice nad Lipou,Czech Republic
6CfBsg3d,Q509696,0,Dinklage,Dinklage,Germany
5fxuqXQ2,Q984538,0,Krotoszyn,Krotoszyn,Poland
6zKQTCnr,Q243713,0,Saint-Jean-Cap-Ferrat,Saint-Jean-Cap-Ferrat,France
WxBiDK8u,Q13122,0,Dendermonde,Dendermonde,Belgium
jxnVXc6y,Q898394,0,Sint-Gillis-bij-Dendermonde,Sint-Gillis-bij-Dendermonde,Belgium
MEEfmgYz,Q475599,0,Gien,Gien,France
BP7yhFqi,Q193861,0,Castelnaudary,Castelnaudary,France
Wzzvuu5T,Q3448685,0,rue La Fayette,rue La Fayette,France
VnLu8FJR,Q72118,0,Frattamaggiore,Frattamaggiore,Italy
7XkBp6fQ,Q546530,0,Wasungen,Wasungen,Germany
aNsNWzhA,Q51878,0,San Vito dei Normanni,San Vito dei Normanni,Italy
6tj4xyHv,Q193819,0,Vincennes,Vincennes,France
cvS6Mg8G,Q167141,0,Laon,Laon,France
VG4FRAVD,Q466642,0,Tourrettes-sur-Loup,Tourrettes-sur-Loup,France
H7nvfFpC,Q1874,0,Odesa,Odesa,Russian Empire
3jCVUiiD,Q42336,0,Viadana,Viadana,Italy
2PxsChMm,Q111202,0,Gualtieri,Gualtieri,Italy
auvpwejQ,,0,County of Hainaut,,
eSyyXNok,Q20085,0,Waldenburg,Waldenburg,Germany
RhcWEJyz,Q50079,0,Celano,Celano,Italy
4WT7e6AA,Q3415,0,Ancona,Ancona,Italy
CFfbkr9h,Q61,0,"Washington, D.C.","Washington, D.C.",United States of America
QoDt7U6Y,Q8030311,0,Wollaston,Wollaston,United States of America
EAz7ZtBe,Q251127,0,Nußdorf,Nußdorf,Germany
o6vFa3W2,Q116202,0,Ursel,Ursel,Belgium
bUWoSQhr,Q819152,0,Hoeselt,Hoeselt,Belgium
YN5n3jMT,Q273442,0,Aarschot,Aarschot,Belgium
XbZmLcm4,Q10898,0,Olpe,Olpe,Germany
77nVJsFc,Q182744,0,Saint-Quentin,Saint-Quentin,France
5ChJETkp,Q213224,0,Menen,Menen,Belgium
Yv6KLPcH,Q12996,0,Ostend,Ostend,Belgium
in25a85Z,Q6307,0,Bad Gottleuba-Berggießhübel,Bad Gottleuba-Berggießhübel,Germany
R29qcGpo,Q290936,0,Étretat,Étretat,France
JFwQC96s,Q724942,0,Kapellen,Kapellen,Belgium
BaGnZuXW,Q456550,0,Tienen,Tienen,Belgium
fbQQK26u,Q18281367,0,Gassicourt,Gassicourt,France
63e4LXNv,Q207253,0,Mantes-la-Jolie,Mantes-la-Jolie,France
NGTGntrf,Q73489,0,Camerino,Camerino,Italy
mAkcjz86,Q22889,0,Bath,Bath,United Kingdom
CgnX9ayQ,Q159605,0,Tivoli,Tivoli,Italy
a6BvHQHa,Q10866,0,Narni,Narni,Italy
mcsLysQR,Q13396,0,Rieti,Rieti,Italy
Bpes3qeQ,Q684839,0,Gebstedt,Gebstedt,Germany
5Z3KMVVv,Q651381,0,Buchfart,Buchfart,Germany
nL3HCx4n,Q94801,0,Crevalcore,Crevalcore,Italy
ZY7RLfwP,Q33962,0,Sanremo,Sanremo,Italy
CtWjWjv8,Q633660,0,Krušovice,Krušovice,Czech Republic
McJC9Mfx,Q52981,0,Faenza,Faenza,Italy
E8cXiLzD,Q13376,0,Pistoia,Pistoia,Italy
Fv7guzCB,Q847932,0,Colligis-Crandelain,Colligis-Crandelain,France
RKzFWT4F,Q102158,0,Narva,Narva,Estonia
FJoZiahf,Q125652,0,Neuburg an der Donau,Neuburg an der Donau,Germany
X8d6THo4,Q1748,0,Copenhagen,Copenhagen,Denmark
oKCYLJ64,Q13369,0,Rimini,Rimini,Italy
Wp8uNnxw,Q1761,0,Dublin,Dublin,United Kingdom of Great Britain and Ireland
YzTdTYdd,Q6662,0,Cesena,Cesena,Italy
3PNmeq56,Q124029,0,Filottrano,Filottrano,Italy
TSEbzSN8,Q13378,0,Arezzo,Arezzo,Italy
n2ovPFtr,Q216853,0,Camaiore,Camaiore,Italy
4ABPMiGk,Q100113,0,Zocca,Zocca,Italy
bkXhkVyZ,Q1630,0,Altona,Altona,Germany
gbsAtAeR,Q101264,0,Mozzo,Mozzo,Italy
3PE5GLDk,Q661465,0,Mitlödi,Mitlödi,Switzerland
GB6e29T9,Q134674,0,Bayonne,Bayonne,France
V8nKLsFV,Q3447453,0,rue Christophe-Colomb,rue Christophe-Colomb,France
BbwDzW2q,Q525612,0,Braunfels,Braunfels,Germany
VBWoKQTY,Q124313034,0,Hareskov Health Resort,H,Denmark
iEzw8EiF,Q207295,0,Uusikaupunki,Uusikaupunki,Finland
LUkcy3mi,Q54006791,0,Jakob and Johannes parish,Jakob and Johannes parish,Sweden
bMa6DKWh,Q541470,0,Bela Crkva,Bela Crkva,Serbia
Zu83hTYV,Q4093,0,Glasgow,Glasgow,United Kingdom
4kTGUfXP,Q1773,0,Riga,Riga,Latvia
asgxwSBA,Q18419,0,Brooklyn,Brooklyn,United States of America
TXrSZHw3,Q664,0,New Zealand,New Zealand,New Zealand
awD7F2dQ,Q34006,0,Hollywood,Hollywood,United States of America
DbMYBSD2,Q237367,0,Montfermeil,Montfermeil,France
BuvdohKL,Q1021621,0,Nelahozeves,Nelahozeves,Czech Republic
aZfe8VLF,Q753219,0,New Town,New Town,Czech Republic
NhmHi6CQ,Q649694,0,Aix-en-Pévèle,Aix-en-Pévèle,France
e9HpKxFb,Q767562,0,Chaumes-en-Brie,Chaumes-en-Brie,France
NxSsVhgb,Q21764446,0,Puurs,Puurs,Belgium
VruSZWqr,Q730506,0,Laeken,Laeken,Belgium
Nh3UT45c,Q1116,0,Province of Antwerp,Province of Antwerp,Belgium
XXsNjGGF,Q2747279,0,'s-Gravenwezel,'s-Gravenwezel,Belgium
iYUw435P,Q722732,0,Litomyšl,Litomyšl,Czech Republic
NFoQc6qk,Q26421,0,Dordrecht,Dordrecht,Netherlands
JA5ymPqo,Q23178,0,Bisceglie,Bisceglie,Italy
8HikEQ8k,Q13470,0,Barletta,Barletta,Italy
aTkbNBYf,Q675960,0,Arlon,Arlon,Belgium
4SoPSqjV,Q985,0,Baden-Württemberg,Baden-Württemberg,Germany
7chXDzuR,Q3413185,0,Quartier de l'Odéon,Quartier de l'Odéon,France
8XwWXmEc,Q23135,0,Worcestershire,Worcestershire,United Kingdom
eej5SpMx,Q2256,0,Birmingham,Birmingham,United Kingdom
cPi9NUFh,Q20986424,0,Birmingham,Birmingham,United Kingdom
burVwPcE,Q1342,0,Pittsburgh,Pittsburgh,United States of America
LTcus2sA,Q2263146,0,Oakland,Oakland,United States of America
HWqLQfxD,Q238723,0,5th arrondissement of Paris,5th arrondissement of Paris,France
79ARPmJh,Q617407,0,Eton,Eton,United Kingdom
3cqgUmXp,Q123624,0,Holborn,Holborn,United Kingdom
gyvHzV66,Q1198,0,North Rhine-Westphalia,North Rhine-Westphalia,Germany
aNUMypcb,Q748211,0,Old Town,Old Town,Czech Republic
PPfroXta,Q330026,0,Budapest District XI,Budapest District XI,Hungary
98sqJAwy,Q3005,0,Altstadt-Nord,Altstadt-Nord,Germany
jtSKEEJD,Q973974,0,Prague 1,Prague 1,Czech Republic
JnZTActS,Q3164,0,Ardennes,Ardennes,France
Mqk8DXy4,Q21494,0,Muttersholtz,Muttersholtz,France
CziiZSde,Q2145,0,Quebec City,Quebec City,Canada
S3C3prJ2,Q182481,0,Tourcoing,Tourcoing,France
N8tovzW4,Q81909,0,Royan,Royan,France
msKJRNmE,Q919927,0,Lauzerte,Lauzerte,France
Su8RABWY,Q68236,0,Klosters,Klosters,Switzerland
9BXAKAxS,Q2187626,0,Žáky,Žáky,Czech Republic
9jqz3dRR,Q45797,0,Dunkirk,Dunkirk,France
c7aZKAdu,Q69004,0,Drucat,Drucat,France
NnSwBKHF,Q2899,0,Mülheim an der Ruhr,Mülheim an der Ruhr,Germany
WQgAxW85,Q42807,0,Nîmes,Nîmes,France
SFoV3fYU,Q1523775,0,Puderbach,Puderbach,Germany
dwsGtxS4,Q31897405,0,Bad Laasphe,Bad Laasphe,Germany
MdBVEitN,Q56687351,0,Valdicastello Carducci,Valdicastello Carducci,Italy
hA8qLaBL,Q219330,0,Pietrasanta,Pietrasanta,Italy
Eaco4g5s,Q158903,0,Shusha,Shusha,Azerbaijan
9aVpAKsG,Q257130,0,Ansfelden,Ansfelden,Austria
2SDMSctP,Q840240,0,Rayol-Canadel-sur-Mer,Rayol-Canadel-sur-Mer,France
3A39Uk3S,Q102152,0,Volokolamsk,Volokolamsk,Russia
hEcx5kVB,Q4205757,0,Ishcherskaya,Ishcherskaya,Russia
2AvU6t2f,Q153676,0,Kislovodsk,Kislovodsk,Russia
M5W2ty6e,Q2235,0,Veliky Novgorod,Veliky Novgorod,Russia
jKNbNHV9,Q46850,0,Zelenogorsk,Zelenogorsk,Russia
exESX6CY,Q2684,0,Vladimir,Vladimir,Russia
dcKXdCgq,Q15640388,0,Dyudkovo,Dyudkovo,Russia
SbKQeeHZ,Q42833,0,Paderno Ponchielli,Paderno Ponchielli,Italy
TjMPcoBr,Q23665,0,Ornavasso,Ornavasso,Italy
cM2H2J7X,Q3447168,0,rue Blanche,rue Blanche,France
oRpDwkXz,Q79815,0,Mulhouse,Mulhouse,France
jPn8bowv,Q14808,0,Oranienburg,Oranienburg,Germany
RNzF8SZ5,Q47383,0,Charleville-Mézières,Charleville-Mézières,France
iENxGawq,Q164536,0,Frymburk,Frymburk,Czech Republic
YSPc9pRY,Q672707,0,Wies,Wies,Austria
cJ65UGzr,Q1332942,0,Skuteč,Skuteč,Czech Republic
bqfXFjXm,Q67100,0,Lachen,Lachen,Switzerland
nBX5bPR3,Q2845755,0,former 4th arrondissement of Paris,former 4th arrondissement of Paris,France
HgHE5b7Z,Q213317,0,Ambert,Ambert,France
48WYhrc7,Q74641,0,Samer,Samer,France
YMCERezP,Q180064,0,Vallerano,Vallerano,Italy
i5esrLWQ,Q13687,0,Enna,Enna,Italy
CDnj3iYS,Q3437,0,Perugia,Perugia,Italy
aXoRioZ2,Q48801156,0,Rovenna,Rovenna,Italy
QCoCxtN8,Q3266,0,Charente,Charente,France
iGJt7pMv,Q126668,0,Senlis,Senlis,France
dMVuHebB,Q908517,0,Louvres,Louvres,France
HX3wVQLx,Q499609,0,Borgloon,Borgloon,Belgium
9irQi3Bz,Q207371,0,Lichfield,Lichfield,United Kingdom
Yr7D6xxD,Q205666,0,Hampton Court Palace,Hampton Court Palace,United Kingdom
QUrXmfSR,Q134672,0,Exeter,Exeter,United Kingdom
VWZMPTY2,Q42376,0,Borghetto Lodigiano,Borghetto Lodigiano,Italy
nCuCpM42,Q1076709,0,Chotovice,Chotovice,Czech Republic
PnDoxDUV,Q183104,0,Feldkirch,Feldkirch,Austria
826rAni3,Q4024,0,Frankfurt (Oder),Frankfurt (Oder),Germany
YvNr67QL,Q1138912,0,Battersea,Battersea,United Kingdom
Fiqr6T6J,Q67575300,0,Wiltshire,Wiltshire,United Kingdom
mNX9KHMn,Q1735,0,Innsbruck,Innsbruck,Austria
BzzPUy7Q,Q1640681,0,rue de la Chaussée-d'Antin,rue de la Chaussée-d'Antin,France
Nrgt9UQz,Q3640,0,Ankara,Ankara,Turkey
j2gE8Lb4,Q891,0,Nizhny Novgorod,Nizhny Novgorod,Russia
JZQLZDp9,Q680628,0,Kittsee,Kittsee,Austria
ToszJnaz,Q208310,0,Saint-Dizier,Saint-Dizier,France
b7wEcknU,Q3450790,0,rue Catherine-de-La-Rochefoucauld,rue Catherine-de-La-Rochefoucauld,France
fNgrAref,Q4272433,0,Ludza County,Ludza County,Russian Empire
cV4AXpMo,Q28520,0,Abbeville,Abbeville,France
FWMPXP2p,Q29234,0,Saint-Brieuc,Saint-Brieuc,France
YQ5AKxXL,Q203285,0,Provins,Provins,France
dhJ9DysL,Q9364297,0,Ubieĺ,Ubieĺ,Belarus
6RbAjWFC,Q731501,0,Kuurne,Kuurne,Belgium
frVKueVr,Q47952,0,Salford,Salford,United Kingdom
By3mY3JJ,Q204547,0,Waregem,Waregem,Belgium
ddeq8a5g,Q651811,0,Tielt,Tielt,Belgium
BtCAkKfM,Q5465,0,Cape Town,Cape Town,South Africa
Jak8fAbz,Q1729,0,Erfurt,Erfurt,Kingdom of Prussia
6FL8iRSV,Q502714,0,Ohrdruf,Ohrdruf,Germany
MDzsLzD5,Q2408679,0,Thal,Thal,Germany
aherdUgk,Q487278,0,Meiningen,Meiningen,Germany
8h2wQ4YR,Q25411,0,Helsingborg,Helsingborg,Sweden
YUPtpN8H,Q211968,0,Pazin,Pazin,Croatia
e9E3AbWh,Q237674,0,Saint-Gilles - Sint-Gillis,Saint-Gilles - Sint-Gillis,Belgium
NbE6d3Kx,Q1899,0,Kyiv,Kyiv,Ukraine
MxdHxGnG,Q269,0,Tashkent,Tashkent,Tashkent Khanate
mxoUEEAx,Q21197,0,Chișinău,Chișinău,Moldova
FmBmjpRS,Q165773,0,Nevel,Nevel,Russia
kiL6uaCq,Q1601,0,Nienstedten,Nienstedten,Germany
kNa9W8vR,Q12292,0,Villarreal,Villarreal,Spain
Gc47GUPe,Q1009221,0,Oswestry,Oswestry,United Kingdom
W7WDRWAC,Q1825419,0,Wrington,Wrington,United Kingdom
CpLZeuQp,Q25302,0,Racibórz,Racibórz,Poland
8zWyxZH2,,0,Atlantic Ocean,,
fjWSFqSh,Q12812,0,Tortosa,Tortosa,Spain
Lanb7pQB,Q376476,0,Barbezieux-Saint-Hilaire,Barbezieux-Saint-Hilaire,France
4MzLNrkS,Q74195,0,Menlo Park,Menlo Park,United States of America
gy5TBtgk,Q7047,0,Bad Kreuznach,Bad Kreuznach,Germany
4bvag8U3,Q1721,0,Wiesbaden,Wiesbaden,Germany
QsmSFuoi,Q2346532,0,Křečovice,Křečovice,Czech Republic
3hFq5U5X,Q470394,0,Benešov,Benešov,Czech Republic
KZdo76pu,Q663362,0,Edelstal,Edelstal,Austria
dmJchDur,Q48027,0,Legnago,Legnago,Italy
9GjYyhhb,Q58477,0,Capua,Capua,Italy
VTbpLdWs,Q94973,0,Mordano,Mordano,Italy
3QzNPUNY,Q3450116,0,rue Taitbout,rue Taitbout,France
FzdobhCq,Q193478,0,Buda,Buda,Hungary
fyZmfFU9,Q502264,0,Humenné,Humenné,Slovakia
XfHbJD4z,Q516262,0,Kemnath,Kemnath,Germany
XTZEQfZn,Q14859,0,Ansbach,Ansbach,Germany
7DBUTNYo,Q699124,0,Pretzsch (Elbe),Pretzsch (Elbe),Germany
fpL4t97R,Q8939,0,Loschwitz,Loschwitz,Germany
hvszrDaH,Q13298,0,Graz,Graz,Austria
YR6599Sg,Q865757,0,Champtercier,Champtercier,France
9T3QtrPs,Q1010667,0,Mšeno,Mšeno,Czech Republic
bHKpsKwT,Q941844,0,Grodków,Grodków,Poland
jRWynE4y,Q2615494,0,Plaňany,Plaňany,Czech Republic
AhAvFfSb,Q2582505,0,Wilschdorf,Wilschdorf,Germany
TWqEtYdo,Q3447626,0,rue Dauphine,rue Dauphine,France
SmKrwca5,Q373680,0,Aldein,Aldein,Italy
CsU3xbRQ,Q274249,0,Massy,Massy,France
46JuZTSP,Q498575,0,Northeim,Northeim,Germany
RcS5aAEc,Q123438,0,Bogatynia,Bogatynia,Poland
L749SXuN,Q1246662,0,Velichov,Velichov,Czech Republic
KMZknZpn,Q487522,0,Klosterneuburg,Klosterneuburg,Austria
YNh2B5ms,Q8645,0,Lanciano,Lanciano,Italy
N4s6hsD5,Q2503857,0,Chudenice,Chudenice,Czech Republic
SYbNmHo9,Q130994,0,Colmar,Colmar,France
kbnwViaQ,Q14960,0,Brno,Brno,Czech Republic
8rWnUxyE,Q55987,0,Tocco Caudio,Tocco Caudio,Italy
hVvudGum,Q649807,0,Connantre,Connantre,France
H7RVuJ8i,Q243212,0,Beaumont-sur-Oise,Beaumont-sur-Oise,France
JkmFBH8W,Q81720,0,Silesia,Silesia,Poland
V2CsbQLf,Q1920373,0,Mendorf,M,Germany
RoPQ4qvE,Q489806,0,Melk,Melk,Austria
cTKRoqUq,Q656110,0,Treis-Karden,Treis-Karden,Germany
NxMpArQ7,Q954596,0,Havlíčkův Brod,Havlíčkův Brod,Czech Republic
NMLLngDA,Q430864,0,Nymburk,Nymburk,Czech Republic
EUiebCku,Q100388,0,Clusone,Clusone,Italy
F7Pfqgx7,Q66554,0,Sissach,Sissach,Switzerland
jGe3RKPQ,Q70036,0,Bottmingen,Bottmingen,Switzerland
aqJiouEX,Q990988,0,Broumov,Broumov,Czech Republic
5irHnG3f,Q3750,0,Gera,Gera,Germany
Ue7wJucs,Q68144,0,Zug,Zug,Switzerland
n6WNnSbH,Q62,0,San Francisco,San Francisco,United States of America
YKgYCVVd,Q1857563,0,Oldbury,Oldbury,United Kingdom
PgGjJVvF,Q154715,0,Montbéliard,Montbéliard,France
68BBHmAL,Q209093,0,Bar-sur-Aube,Bar-sur-Aube,France
YkUivBK8,Q191119,0,Rambouillet,Rambouillet,France
QPMQsN25,Q1010543,0,Killearn,Killearn,United Kingdom
3sHwdtpk,Q7038,0,Girona,Girona,Spain
C9kkrDiw,Q8818,0,Valencia,Valencia,Spain
c7mRFMfo,Q134494,0,Győr,Győr,Hungary
MKJR7NT3,Q3519,0,Bari,Bari,Italy
hKaykwAg,Q224627,0,Tarano,Tarano,Italy
XeLw3PHa,Q841589,0,Castilleja de la Cuesta,Castilleja de la Cuesta,Spain
mfhsPNfN,Q181359,0,Talavera de la Reina,Talavera de la Reina,Spain
27A7ige7,Q234704,0,Vitré,Vitré,France
T8QSS2Ab,Q8378,0,Palencia,Palencia,Spain
oERWTVNi,Q738013,0,Xàtiva,Xàtiva,Spain
CxSjPRJx,Q5836,0,Toledo,T,Spain
ezzopp4V,Q615347,0,Hořín,Hořín,Czech Republic
kGdWn4gy,Q670815,0,Hadres,Hadres,Austria
Ae4AHugR,Q1019344,0,Vamberk,Vamberk,Czech Republic
QbwreZ3W,Q387061,0,Ścinawka Dolna,Ścinawka Dolna,Poland
6AXu424T,Q1980858,0,Neulerchenfeld,Neulerchenfeld,Austria
29vT9zwQ,Q33345,0,Yevpatoriia,Yevpatoriia,Crimean Khanate
QqnJJAa8,Q15124,0,South Tyrol,South Tyrol,Italy
chBzijje,Q830418,0,Jáchymov,Jáchymov,Czech Republic
RnSwHH7p,Q980,0,Bavaria,Bavaria,Germany
hJNXHSiJ,Q51317,0,Villa Santa Maria,Villa Santa Maria,Italy
MiAQkxaw,Q23800,0,Valletta,Valletta,Malta
6Sf2qfGX,Q841403,0,Saint-Hippolyte,Saint-Hippolyte,France
cmAu863q,Q15805356,0,Deutenkofen,Deutenkofen,Germany
HLVzTzAN,Q668950,0,Saint-Ghislain,Saint-Ghislain,Belgium
7nfDcKvD,Q100772,0,Busseto,Busseto,Italy
WjCeEmCu,Q72719,0,Torre del Greco,Torre del Greco,Italy
ThJCrGo4,Q158418,0,Nová Říše,Nová Říše,Czech Republic
i6jBpyee,Q2795,0,Chemnitz,Chemnitz,Germany
n5RNe6c2,Q131612,0,Wiener Neustadt,Wiener Neustadt,Austria
csE7AoAF,Q527998,0,Rot an der Rot,Rot an der Rot,Germany
6SrwwKCk,Q522513,0,Bad Schussenried,Bad Schussenried,Germany
fmnf9yk9,Q846593,0,Senglea,Senglea,Malta
fG9L9Rkd,Q757225,0,Bormla,Bormla,Malta
M9RfkN6S,Q13370,0,Massa,Massa,Italy
S8HAGGCP,Q556312,0,Oettingen in Bayern,Oettingen in Bayern,Germany
h3oH386t,Q156119,0,Ludwigslust,Ludwigslust,Germany
cqAyJhdn,Q1891078,0,Mansbach,Mansbach,Germany
P4vjgvZT,Q6986,0,Gotha,Gotha,Germany
TVRNYs7b,Q50886,0,Ballenstedt,Ballenstedt,Germany
QGiewxrp,Q20413,0,Città di Castello,Città di Castello,Italy
FT2Ha5fd,Q160954,0,Civita Castellana,Civita Castellana,Italy
9LMwaNjq,Q491383,0,Ciminna,Ciminna,Italy
29V297KK,Q504849,0,Ochsenfurt,Ochsenfurt,Germany
EAoQVbKH,Q102623,0,Massa e Cozzile,Massa e Cozzile,Italy
R2VMxTue,Q99940,0,Forlimpopoli,Forlimpopoli,Italy
LDYrJ2BQ,Q656982,0,Bad Cannstatt,Bad Cannstatt,Germany
j9jX3nnv,Q1387700,0,Medlov,Medlov,Czech Republic
8nk32eRL,Q516056,0,Bockenheim,Bockenheim,Germany
hfrsoFcN,Q854189,0,Békésszentandrás,Békésszentandrás,Hungary
hpDwEmts,Q37043,0,Tallahassee,Tallahassee,United States of America
Zsmhq9Qg,Q2290198,0,Vlierbeek,Vlierbeek,Belgium
2uRxtWe8,Q2318894,0,Kublov,Kublov,Czech Republic
cGrMP3QY,Q12059839,0,Tubož,Tubož,Czech Republic
DVxDgUHo,Q882106,0,Blatce,Blatce,Czech Republic
UCpo9Sgj,Q207261,0,Zlonice,Zlonice,Czech Republic
AaTzkULf,Q723363,0,Ascq,Ascq,France
bQee2zg9,Q3447625,0,rue Daunou,rue Daunou,France
9VZfV9hd,Q1063389,0,Le Passage,Le Passage,France
fVfY7Qza,Q146351,0,Liberec,Liberec,Austria-Hungary
5ierSewz,Q2805,0,Krefeld,Krefeld,Germany
