,id,template,type,created,modified
0,1,https://tropy.org/v1/templates/id#X6ZKdlFw,,2025-04-28T07:43:37.772Z,2025-04-29T13:36:54.580Z
1,2,https://tropy.org/v1/templates/photo,,2025-04-28T07:43:37.778Z,2025-04-28 07:43:37
2,3,https://tropy.org/v1/templates/id#X6ZKdlFw,,2025-04-28T07:43:39.396Z,2025-04-29T10:43:44.519Z
3,4,https://tropy.org/v1/templates/photo,,2025-04-28T07:43:39.400Z,2025-04-28 07:43:39
4,5,https://tropy.org/v1/templates/id#X6ZKdlFw,,2025-04-28T07:43:39.995Z,2025-04-29T10:43:44.519Z
5,6,https://tropy.org/v1/templates/photo,,2025-04-28T07:43:39.998Z,2025-04-28 07:43:39
6,7,https://tropy.org/v1/templates/id#X6ZKdlFw,,2025-04-28T07:43:40.091Z,2025-04-29T10:43:44.519Z
7,8,https://tropy.org/v1/templates/photo,,2025-04-28T07:43:40.094Z,2025-04-28 07:43:40
8,9,https://tropy.org/v1/templates/id#X6ZKdlFw,,2025-04-28T07:43:40.280Z,2025-04-29T10:43:44.519Z
9,10,https://tropy.org/v1/templates/photo,,2025-04-28T07:43:40.282Z,2025-04-28 07:43:40
10,12,https://tropy.org/v1/templates/photo,,2025-04-28T07:43:40.657Z,2025-04-28 07:43:40
11,14,https://tropy.org/v1/templates/photo,,2025-04-28T07:43:42.070Z,2025-04-28 07:43:42
12,15,https://tropy.org/v1/templates/id#X6ZKdlFw,,2025-04-28T07:43:42.720Z,2025-04-29T10:43:44.519Z
13,16,https://tropy.org/v1/templates/photo,,2025-04-28T07:43:42.722Z,2025-04-28 07:43:42
14,18,https://tropy.org/v1/templates/photo,,2025-04-28T07:43:43.119Z,2025-04-28 07:43:43
15,19,https://tropy.org/v1/templates/id#X6ZKdlFw,,2025-04-28T07:43:43.302Z,2025-04-29T10:43:44.519Z
16,20,https://tropy.org/v1/templates/photo,,2025-04-28T07:43:43.304Z,2025-04-28 07:43:43
17,21,https://tropy.org/v1/templates/id#X6ZKdlFw,,2025-04-28T07:43:43.489Z,2025-05-05T06:51:38.378Z
18,22,https://tropy.org/v1/templates/photo,,2025-04-28T07:43:43.491Z,2025-04-28 07:43:43
19,24,https://tropy.org/v1/templates/photo,,2025-04-28T07:43:43.809Z,2025-04-28 07:43:43
20,26,https://tropy.org/v1/templates/photo,,2025-04-28T07:43:45.355Z,2025-04-28 07:43:45
21,27,https://tropy.org/v1/templates/id#X6ZKdlFw,,2025-04-28T07:43:45.534Z,2025-04-29T10:43:44.519Z
22,28,https://tropy.org/v1/templates/photo,,2025-04-28T07:43:45.537Z,2025-04-28 07:43:45
23,30,https://tropy.org/v1/templates/photo,,2025-04-28T07:43:46.002Z,2025-04-28 07:43:46
24,31,https://tropy.org/v1/templates/id#X6ZKdlFw,,2025-04-28T07:43:46.190Z,2025-04-29T10:43:44.519Z
25,32,https://tropy.org/v1/templates/photo,,2025-04-28T07:43:46.193Z,2025-04-28 07:43:46
26,34,https://tropy.org/v1/templates/photo,,2025-04-28T07:43:46.654Z,2025-04-28 07:43:46
27,35,https://tropy.org/v1/templates/id#X6ZKdlFw,,2025-04-28T07:43:46.820Z,2025-05-06T09:56:29.995Z
28,36,https://tropy.org/v1/templates/photo,,2025-04-28T07:43:46.822Z,2025-04-28 07:43:46
29,38,https://tropy.org/v1/templates/photo,,2025-04-28T07:43:47.320Z,2025-04-28 07:43:47
30,39,https://tropy.org/v1/templates/id#X6ZKdlFw,,2025-04-28T07:43:47.567Z,2025-05-06T09:56:34.808Z
31,40,https://tropy.org/v1/templates/photo,,2025-04-28T07:43:47.569Z,2025-04-28 07:43:47
32,42,https://tropy.org/v1/templates/photo,,2025-04-28T07:43:48.070Z,2025-04-28 07:43:48
33,43,https://tropy.org/v1/templates/id#X6ZKdlFw,,2025-04-28T07:43:48.307Z,2025-04-29T10:43:44.519Z
34,44,https://tropy.org/v1/templates/photo,,2025-04-28T07:43:48.311Z,2025-04-28 07:43:48
35,46,https://tropy.org/v1/templates/photo,,2025-04-28T07:43:49.074Z,2025-04-28 07:43:49
36,47,https://tropy.org/v1/templates/id#X6ZKdlFw,,2025-04-28T07:43:49.285Z,2025-04-29T10:43:44.519Z
37,48,https://tropy.org/v1/templates/photo,,2025-04-28T07:43:49.288Z,2025-04-28 07:43:49
38,50,https://tropy.org/v1/templates/photo,,2025-04-28T07:43:50.087Z,2025-04-28 07:43:50
39,52,https://tropy.org/v1/templates/photo,,2025-04-28T07:43:51.105Z,2025-04-28 07:43:51
40,53,https://tropy.org/v1/templates/id#X6ZKdlFw,,2025-04-28T07:43:52.315Z,2025-04-29T10:43:44.519Z
41,54,https://tropy.org/v1/templates/photo,,2025-04-28T07:43:52.319Z,2025-04-28 07:43:52
42,55,https://tropy.org/v1/templates/id#X6ZKdlFw,,2025-04-28T07:43:53.470Z,2025-05-06T09:56:17.493Z
43,56,https://tropy.org/v1/templates/photo,,2025-04-28T07:43:53.473Z,2025-04-28 07:43:53
44,57,https://tropy.org/v1/templates/id#X6ZKdlFw,,2025-04-28T07:43:53.713Z,2025-04-29T10:43:44.519Z
45,58,https://tropy.org/v1/templates/photo,,2025-04-28T07:43:53.716Z,2025-04-28 07:43:53
46,60,https://tropy.org/v1/templates/photo,,2025-04-28T07:43:54.369Z,2025-04-28 07:43:54
47,62,https://tropy.org/v1/templates/photo,,2025-04-28T07:43:55.763Z,2025-04-28 07:43:55
48,63,https://tropy.org/v1/templates/id#X6ZKdlFw,,2025-04-28T07:43:55.969Z,2025-04-29T10:43:44.519Z
49,64,https://tropy.org/v1/templates/photo,,2025-04-28T07:43:55.971Z,2025-04-28 07:43:55
50,65,https://tropy.org/v1/templates/id#X6ZKdlFw,,2025-04-28T07:43:56.164Z,2025-04-29T10:43:44.519Z
51,66,https://tropy.org/v1/templates/photo,,2025-04-28T07:43:56.167Z,2025-04-28 07:43:56
52,67,https://tropy.org/v1/templates/id#X6ZKdlFw,,2025-04-28T07:43:56.442Z,2025-04-29T10:43:44.519Z
53,68,https://tropy.org/v1/templates/photo,,2025-04-28T07:43:56.445Z,2025-04-28 07:43:56
54,69,https://tropy.org/v1/templates/id#X6ZKdlFw,,2025-04-28T07:43:56.601Z,2025-04-29T10:43:44.519Z
55,70,https://tropy.org/v1/templates/photo,,2025-04-28T07:43:56.604Z,2025-04-28 07:43:56
56,71,https://tropy.org/v1/templates/id#X6ZKdlFw,,2025-04-28T07:43:57.615Z,2025-04-29T10:43:44.519Z
57,72,https://tropy.org/v1/templates/photo,,2025-04-28T07:43:57.618Z,2025-04-28 07:43:57
58,73,https://tropy.org/v1/templates/id#X6ZKdlFw,,2025-04-28T07:43:57.818Z,2025-04-29T10:43:44.519Z
59,74,https://tropy.org/v1/templates/photo,,2025-04-28T07:43:57.821Z,2025-04-28 07:43:57
60,75,https://tropy.org/v1/templates/id#X6ZKdlFw,,2025-04-28T07:43:58.146Z,2025-04-29T10:43:44.519Z
61,76,https://tropy.org/v1/templates/photo,,2025-04-28T07:43:58.148Z,2025-04-28 07:43:58
62,77,https://tropy.org/v1/templates/id#X6ZKdlFw,,2025-04-28T07:43:59.058Z,2025-04-29T10:43:44.519Z
63,78,https://tropy.org/v1/templates/photo,,2025-04-28T07:43:59.063Z,2025-04-28 07:43:59
64,80,https://tropy.org/v1/templates/photo,,2025-04-28T07:44:01.984Z,2025-04-28 07:44:01
65,81,https://tropy.org/v1/templates/id#X6ZKdlFw,,2025-04-28T07:44:02.468Z,2025-04-29T10:43:44.519Z
66,82,https://tropy.org/v1/templates/photo,,2025-04-28T07:44:02.470Z,2025-04-28 07:44:02
67,83,https://tropy.org/v1/templates/id#X6ZKdlFw,,2025-04-28T07:44:02.617Z,2025-04-29T10:43:44.519Z
68,84,https://tropy.org/v1/templates/photo,,2025-04-28T07:44:02.619Z,2025-04-28 07:44:02
69,86,https://tropy.org/v1/templates/photo,,2025-04-28T07:44:02.901Z,2025-04-28 07:44:02
70,87,https://tropy.org/v1/templates/id#X6ZKdlFw,,2025-04-28T07:44:03.025Z,2025-04-29T10:43:44.519Z
71,88,https://tropy.org/v1/templates/photo,,2025-04-28T07:44:03.028Z,2025-04-28 07:44:03
72,89,https://tropy.org/v1/templates/id#X6ZKdlFw,,2025-04-28T07:44:03.234Z,2025-04-29T10:43:44.519Z
73,90,https://tropy.org/v1/templates/photo,,2025-04-28T07:44:03.237Z,2025-04-28 07:44:03
74,92,https://tropy.org/v1/templates/photo,,2025-04-28T07:44:04.254Z,2025-04-28 07:44:04
75,94,https://tropy.org/v1/templates/photo,,2025-04-28T07:44:06.135Z,2025-04-28 07:44:06
76,95,https://tropy.org/v1/templates/id#X6ZKdlFw,,2025-04-28T07:44:06.278Z,2025-04-29T10:43:44.519Z
77,96,https://tropy.org/v1/templates/photo,,2025-04-28T07:44:06.281Z,2025-04-28 07:44:06
78,98,https://tropy.org/v1/templates/photo,,2025-04-28T07:44:06.614Z,2025-04-28 07:44:06
79,100,https://tropy.org/v1/templates/photo,,2025-04-28T07:44:08.052Z,2025-04-28 07:44:08
80,101,https://tropy.org/v1/templates/id#X6ZKdlFw,,2025-04-28T07:44:08.264Z,2025-04-29T10:43:44.519Z
81,102,https://tropy.org/v1/templates/photo,,2025-04-28T07:44:08.266Z,2025-04-28 07:44:08
82,104,https://tropy.org/v1/templates/photo,,2025-04-28T07:44:08.488Z,2025-04-28 07:44:08
83,106,https://tropy.org/v1/templates/photo,,2025-04-28T07:44:08.759Z,2025-04-28 07:44:08
84,108,https://tropy.org/v1/templates/photo,,2025-04-28T07:44:09.007Z,2025-04-28 07:44:09
85,110,https://tropy.org/v1/templates/photo,,2025-04-28T07:44:09.226Z,2025-04-28 07:44:09
86,111,https://tropy.org/v1/templates/id#X6ZKdlFw,,2025-04-28T07:44:09.341Z,2025-04-29T10:43:44.519Z
87,112,https://tropy.org/v1/templates/photo,,2025-04-28T07:44:09.351Z,2025-04-28 07:44:09
88,114,https://tropy.org/v1/templates/photo,,2025-04-28T07:44:09.578Z,2025-04-28 07:44:09
89,115,https://tropy.org/v1/templates/id#X6ZKdlFw,,2025-04-28T07:44:09.981Z,2025-04-29T10:43:44.519Z
90,116,https://tropy.org/v1/templates/photo,,2025-04-28T07:44:09.984Z,2025-04-28 07:44:09
91,117,https://tropy.org/v1/templates/id#X6ZKdlFw,,2025-04-28T07:44:10.911Z,2025-04-29T10:43:44.519Z
92,118,https://tropy.org/v1/templates/photo,,2025-04-28T07:44:10.916Z,2025-04-28 07:44:10
93,120,https://tropy.org/v1/templates/photo,,2025-04-28T07:44:11.862Z,2025-04-28 07:44:11
94,122,https://tropy.org/v1/templates/photo,,2025-04-28T07:44:12.762Z,2025-04-28 07:44:12
95,124,https://tropy.org/v1/templates/photo,,2025-04-28T07:44:13.635Z,2025-04-28 07:44:13
96,126,https://tropy.org/v1/templates/photo,,2025-04-28T07:44:14.569Z,2025-04-28 07:44:14
97,127,https://tropy.org/v1/templates/id#X6ZKdlFw,,2025-04-28T07:44:14.726Z,2025-04-29T10:43:44.519Z
98,128,https://tropy.org/v1/templates/photo,,2025-04-28T07:44:14.729Z,2025-04-28 07:44:14
99,130,https://tropy.org/v1/templates/photo,,2025-04-28T07:44:15.137Z,2025-04-28 07:44:15
100,131,https://tropy.org/v1/templates/id#X6ZKdlFw,,2025-04-28T07:44:15.273Z,2025-04-29T10:43:44.519Z
101,132,https://tropy.org/v1/templates/photo,,2025-04-28T07:44:15.276Z,2025-04-28 07:44:15
102,133,https://tropy.org/v1/templates/id#X6ZKdlFw,,2025-04-28T07:44:16.112Z,2025-04-29T10:43:44.519Z
103,134,https://tropy.org/v1/templates/photo,,2025-04-28T07:44:16.115Z,2025-04-28 07:44:16
104,135,https://tropy.org/v1/templates/id#X6ZKdlFw,,2025-04-28T07:44:16.222Z,2025-04-29T13:42:57.394Z
105,136,https://tropy.org/v1/templates/photo,,2025-04-28T07:44:16.224Z,2025-04-28 07:44:16
106,138,https://tropy.org/v1/templates/photo,,2025-04-28T07:44:16.630Z,2025-04-28 07:44:16
107,140,https://tropy.org/v1/templates/photo,,2025-04-28T07:44:18.669Z,2025-04-28 07:44:18
108,141,https://tropy.org/v1/templates/id#X6ZKdlFw,,2025-04-28T07:44:18.797Z,2025-04-29T10:43:44.519Z
109,142,https://tropy.org/v1/templates/photo,,2025-04-28T07:44:18.800Z,2025-04-28 07:44:18
110,143,https://tropy.org/v1/templates/id#X6ZKdlFw,,2025-04-28T07:44:19.049Z,2025-04-29T10:43:44.519Z
111,144,https://tropy.org/v1/templates/photo,,2025-04-28T07:44:19.055Z,2025-04-28 07:44:19
112,145,https://tropy.org/v1/templates/id#X6ZKdlFw,,2025-04-28T07:44:19.219Z,2025-04-29T10:43:44.519Z
113,146,https://tropy.org/v1/templates/photo,,2025-04-28T07:44:19.222Z,2025-04-28 07:44:19
114,147,https://tropy.org/v1/templates/id#X6ZKdlFw,,2025-04-28T07:44:19.412Z,2025-04-29T10:43:44.519Z
115,148,https://tropy.org/v1/templates/photo,,2025-04-28T07:44:19.414Z,2025-04-28 07:44:19
116,149,https://tropy.org/v1/templates/id#X6ZKdlFw,,2025-04-28T07:44:19.909Z,2025-04-29T10:43:44.519Z
117,150,https://tropy.org/v1/templates/photo,,2025-04-28T07:44:19.912Z,2025-04-28 07:44:19
118,151,https://tropy.org/v1/templates/id#X6ZKdlFw,,2025-04-28T07:44:22.690Z,2025-04-29T10:43:44.519Z
119,152,https://tropy.org/v1/templates/photo,,2025-04-28T07:44:22.694Z,2025-04-28 07:44:22
120,153,https://tropy.org/v1/templates/id#X6ZKdlFw,,2025-04-28T07:44:22.871Z,2025-04-29T10:43:44.519Z
121,154,https://tropy.org/v1/templates/photo,,2025-04-28T07:44:22.874Z,2025-04-28 07:44:22
122,155,https://tropy.org/v1/templates/id#X6ZKdlFw,,2025-04-28T07:44:22.985Z,2025-04-29T10:43:44.519Z
123,156,https://tropy.org/v1/templates/photo,,2025-04-28T07:44:22.988Z,2025-04-28 07:44:22
124,157,https://tropy.org/v1/templates/id#X6ZKdlFw,,2025-04-28T07:44:23.120Z,2025-04-29T10:43:44.519Z
125,158,https://tropy.org/v1/templates/photo,,2025-04-28T07:44:23.124Z,2025-04-28 07:44:23
126,159,https://tropy.org/v1/templates/id#X6ZKdlFw,,2025-04-28T07:44:23.255Z,2025-04-29T10:43:44.519Z
127,160,https://tropy.org/v1/templates/photo,,2025-04-28T07:44:23.258Z,2025-04-28 07:44:23
128,161,https://tropy.org/v1/templates/id#X6ZKdlFw,,2025-04-28T07:44:23.382Z,2025-04-29T10:43:44.519Z
129,162,https://tropy.org/v1/templates/photo,,2025-04-28T07:44:23.384Z,2025-04-28 07:44:23
130,163,https://tropy.org/v1/templates/id#X6ZKdlFw,,2025-04-28T07:44:23.495Z,2025-04-29T10:43:44.519Z
131,164,https://tropy.org/v1/templates/photo,,2025-04-28T07:44:23.497Z,2025-04-28 07:44:23
132,165,https://tropy.org/v1/templates/id#X6ZKdlFw,,2025-04-28T07:44:23.594Z,2025-04-29T10:43:44.519Z
133,166,https://tropy.org/v1/templates/photo,,2025-04-28T07:44:23.597Z,2025-04-28 07:44:23
134,167,https://tropy.org/v1/templates/id#X6ZKdlFw,,2025-04-28T07:44:24.446Z,2025-04-29T10:43:44.519Z
135,168,https://tropy.org/v1/templates/photo,,2025-04-28T07:44:24.450Z,2025-04-28 07:44:24
136,169,https://tropy.org/v1/templates/id#X6ZKdlFw,,2025-04-28T07:44:25.319Z,2025-04-29T10:43:44.519Z
137,170,https://tropy.org/v1/templates/photo,,2025-04-28T07:44:25.321Z,2025-04-28 07:44:25
138,171,https://tropy.org/v1/templates/id#X6ZKdlFw,,2025-04-28T07:44:25.426Z,2025-04-29T10:43:44.519Z
139,172,https://tropy.org/v1/templates/photo,,2025-04-28T07:44:25.428Z,2025-04-28 07:44:25
140,173,https://tropy.org/v1/templates/id#X6ZKdlFw,,2025-04-28T07:44:25.529Z,2025-04-29T10:43:44.519Z
141,174,https://tropy.org/v1/templates/photo,,2025-04-28T07:44:25.532Z,2025-04-28 07:44:25
142,175,https://tropy.org/v1/templates/id#X6ZKdlFw,,2025-04-28T07:44:25.626Z,2025-04-29T10:43:44.519Z
143,176,https://tropy.org/v1/templates/photo,,2025-04-28T07:44:25.628Z,2025-04-28 07:44:25
144,177,https://tropy.org/v1/templates/id#X6ZKdlFw,,2025-04-28T07:44:25.773Z,2025-04-29T10:43:44.519Z
145,178,https://tropy.org/v1/templates/photo,,2025-04-28T07:44:25.776Z,2025-04-28 07:44:25
146,179,https://tropy.org/v1/templates/id#X6ZKdlFw,,2025-04-28T07:44:25.911Z,2025-04-29T10:43:44.519Z
147,180,https://tropy.org/v1/templates/photo,,2025-04-28T07:44:25.914Z,2025-04-28 07:44:25
148,181,https://tropy.org/v1/templates/id#X6ZKdlFw,,2025-04-28T07:44:26.284Z,2025-04-29T10:43:44.519Z
149,182,https://tropy.org/v1/templates/photo,,2025-04-28T07:44:26.286Z,2025-04-28 07:44:26
150,183,https://tropy.org/v1/templates/id#X6ZKdlFw,,2025-04-28T07:44:26.386Z,2025-04-29T10:43:44.519Z
151,184,https://tropy.org/v1/templates/photo,,2025-04-28T07:44:26.389Z,2025-04-28 07:44:26
152,185,https://tropy.org/v1/templates/id#X6ZKdlFw,,2025-04-28T07:44:26.697Z,2025-04-29T10:43:44.519Z
153,186,https://tropy.org/v1/templates/photo,,2025-04-28T07:44:26.700Z,2025-04-28 07:44:26
154,187,https://tropy.org/v1/templates/id#X6ZKdlFw,,2025-04-28T07:44:26.951Z,2025-04-29T10:43:44.519Z
155,188,https://tropy.org/v1/templates/photo,,2025-04-28T07:44:26.953Z,2025-04-28 07:44:26
156,189,https://tropy.org/v1/templates/id#X6ZKdlFw,,2025-04-28T07:44:27.136Z,2025-04-29T10:43:44.519Z
157,190,https://tropy.org/v1/templates/photo,,2025-04-28T07:44:27.139Z,2025-04-28 07:44:27
158,191,https://tropy.org/v1/templates/id#X6ZKdlFw,,2025-04-28T07:44:27.427Z,2025-04-29T10:43:44.519Z
159,192,https://tropy.org/v1/templates/photo,,2025-04-28T07:44:27.430Z,2025-04-28 07:44:27
160,193,https://tropy.org/v1/templates/id#X6ZKdlFw,,2025-04-28T07:44:27.545Z,2025-05-06T09:55:42.494Z
161,194,https://tropy.org/v1/templates/photo,,2025-04-28T07:44:27.547Z,2025-04-28 07:44:27
162,196,https://tropy.org/v1/templates/photo,,2025-04-28T07:44:27.646Z,2025-04-28 07:44:27
163,198,https://tropy.org/v1/templates/photo,,2025-04-28T07:44:27.747Z,2025-04-28 07:44:27
164,200,https://tropy.org/v1/templates/photo,,2025-04-28T07:44:27.831Z,2025-04-28 07:44:27
165,202,https://tropy.org/v1/templates/photo,,2025-04-28T07:44:27.918Z,2025-04-28 07:44:27
166,204,https://tropy.org/v1/templates/photo,,2025-04-28T07:44:28.024Z,2025-04-28 07:44:28
167,206,https://tropy.org/v1/templates/photo,,2025-04-28T07:44:28.128Z,2025-04-28 07:44:28
168,208,https://tropy.org/v1/templates/photo,,2025-04-28T07:44:28.206Z,2025-04-28 07:44:28
169,210,https://tropy.org/v1/templates/photo,,2025-04-28T07:44:28.301Z,2025-04-28 07:44:28
170,212,https://tropy.org/v1/templates/photo,,2025-04-28T07:44:28.394Z,2025-04-28 07:44:28
171,214,https://tropy.org/v1/templates/photo,,2025-04-28T07:44:28.475Z,2025-04-28 07:44:28
172,216,https://tropy.org/v1/templates/photo,,2025-04-28T07:44:28.567Z,2025-04-28 07:44:28
173,218,https://tropy.org/v1/templates/photo,,2025-04-28T07:44:28.681Z,2025-04-28 07:44:28
174,220,https://tropy.org/v1/templates/photo,,2025-04-28T07:44:28.785Z,2025-04-28 07:44:28
175,222,https://tropy.org/v1/templates/photo,,2025-04-28T07:44:28.881Z,2025-04-28 07:44:28
176,224,https://tropy.org/v1/templates/photo,,2025-04-28T07:44:28.970Z,2025-04-28 07:44:28
177,225,https://tropy.org/v1/templates/id#X6ZKdlFw,,2025-04-28T07:44:29.101Z,2025-04-29T10:43:44.519Z
178,226,https://tropy.org/v1/templates/photo,,2025-04-28T07:44:29.104Z,2025-04-28 07:44:29
179,227,https://tropy.org/v1/templates/id#X6ZKdlFw,,2025-04-28T07:44:29.209Z,2025-04-29T10:43:44.519Z
180,228,https://tropy.org/v1/templates/photo,,2025-04-28T07:44:29.211Z,2025-04-28 07:44:29
181,230,https://tropy.org/v1/templates/photo,,2025-04-28T07:44:29.439Z,2025-04-28 07:44:29
182,232,https://tropy.org/v1/templates/photo,,2025-04-28T07:44:31.868Z,2025-04-28 07:44:31
183,233,https://tropy.org/v1/templates/id#X6ZKdlFw,,2025-04-28T07:44:35.828Z,2025-04-29T10:43:44.519Z
184,234,https://tropy.org/v1/templates/photo,,2025-04-28T07:44:35.831Z,2025-04-28 07:44:35
185,235,https://tropy.org/v1/templates/id#X6ZKdlFw,,2025-04-28T07:44:39.806Z,2025-04-29T10:43:44.519Z
186,236,https://tropy.org/v1/templates/photo,,2025-04-28T07:44:39.809Z,2025-04-28 07:44:39
187,237,https://tropy.org/v1/templates/id#X6ZKdlFw,,2025-04-28T07:44:41.356Z,2025-04-29T10:43:44.519Z
188,238,https://tropy.org/v1/templates/photo,,2025-04-28T07:44:41.360Z,2025-04-28 07:44:41
189,239,https://tropy.org/v1/templates/id#X6ZKdlFw,,2025-04-28T07:44:41.548Z,2025-04-29T10:43:44.519Z
190,240,https://tropy.org/v1/templates/photo,,2025-04-28T07:44:41.551Z,2025-04-28 07:44:41
191,241,https://tropy.org/v1/templates/id#X6ZKdlFw,,2025-04-28T07:44:41.823Z,2025-04-29T10:43:44.519Z
192,242,https://tropy.org/v1/templates/photo,,2025-04-28T07:44:41.825Z,2025-04-28 07:44:41
193,243,https://tropy.org/v1/templates/id#X6ZKdlFw,,2025-04-28T07:44:43.804Z,2025-04-29T10:43:44.519Z
194,244,https://tropy.org/v1/templates/photo,,2025-04-28T07:44:43.809Z,2025-04-28 07:44:43
195,245,https://tropy.org/v1/templates/id#X6ZKdlFw,,2025-04-28T07:44:44.064Z,2025-04-29T10:43:44.519Z
196,246,https://tropy.org/v1/templates/photo,,2025-04-28T07:44:44.067Z,2025-04-28 07:44:44
197,247,https://tropy.org/v1/templates/id#X6ZKdlFw,,2025-04-28T07:44:44.384Z,2025-04-29T10:43:44.519Z
198,248,https://tropy.org/v1/templates/photo,,2025-04-28T07:44:44.386Z,2025-04-28 07:44:44
199,249,https://tropy.org/v1/templates/selection,,2025-04-28T07:45:02.107Z,2025-04-28 07:45:02
200,250,https://tropy.org/v1/templates/selection,,2025-04-28T07:45:13.180Z,2025-04-28 07:45:13
201,251,https://tropy.org/v1/templates/selection,,2025-04-28T07:45:16.946Z,2025-04-28 07:45:16
202,252,https://tropy.org/v1/templates/selection,,2025-04-28T12:14:04.830Z,2025-04-28T12:16:30.441Z
203,253,https://tropy.org/v1/templates/selection,,2025-04-28T12:14:29.949Z,2025-04-28T12:16:24.753Z
204,254,https://tropy.org/v1/templates/selection,,2025-04-28T12:16:14.692Z,2025-04-28T12:16:20.665Z
205,255,https://tropy.org/v1/templates/selection,,2025-04-28T12:17:31.921Z,2025-04-28T12:17:58.738Z
206,256,https://tropy.org/v1/templates/selection,,2025-04-28T12:17:38.235Z,2025-04-28T12:17:49.890Z
207,257,https://tropy.org/v1/templates/selection,,2025-04-28T12:17:41.158Z,2025-04-28T12:17:45.602Z
208,258,https://tropy.org/v1/templates/selection,,2025-04-28T12:25:15.821Z,2025-04-28T12:25:33.831Z
209,259,https://tropy.org/v1/templates/selection,,2025-04-28T12:25:22.107Z,2025-04-28T12:25:28.871Z
210,260,https://tropy.org/v1/templates/selection,,2025-04-29T10:34:47.716Z,2025-04-29T10:35:00.610Z
211,261,https://tropy.org/v1/templates/selection,,2025-04-29T10:35:26.015Z,2025-04-29T10:36:24.156Z
212,262,https://tropy.org/v1/templates/selection,,2025-04-29T10:41:14.749Z,2025-04-29T10:41:19.558Z
213,263,https://tropy.org/v1/templates/selection,,2025-04-29T10:42:01.007Z,2025-04-29 10:42:01
214,264,https://tropy.org/v1/templates/generic,,2025-04-29T13:26:44.741Z,2025-04-29 13:26:44
215,265,https://tropy.org/v1/templates/photo,,2025-04-29T13:26:44.753Z,2025-04-29 13:26:44
216,266,https://tropy.org/v1/templates/generic,,2025-04-29T13:26:44.839Z,2025-04-29 13:26:44
217,267,https://tropy.org/v1/templates/photo,,2025-04-29T13:26:44.905Z,2025-04-29 13:26:44
218,268,https://tropy.org/v1/templates/generic,,2025-04-29T13:26:45.240Z,2025-04-29 13:26:45
219,269,https://tropy.org/v1/templates/photo,,2025-04-29T13:26:45.293Z,2025-04-29 13:26:45
220,270,https://tropy.org/v1/templates/generic,,2025-04-29T13:26:45.369Z,2025-04-29 13:26:45
221,271,https://tropy.org/v1/templates/photo,,2025-04-29T13:26:45.448Z,2025-04-29 13:26:45
222,272,https://tropy.org/v1/templates/generic,,2025-04-29T13:26:45.521Z,2025-04-29 13:26:45
223,273,https://tropy.org/v1/templates/photo,,2025-04-29T13:26:45.576Z,2025-04-29 13:26:45
224,274,https://tropy.org/v1/templates/generic,,2025-04-29T13:26:45.633Z,2025-04-29 13:26:45
225,275,https://tropy.org/v1/templates/photo,,2025-04-29T13:26:45.698Z,2025-04-29 13:26:45
226,276,https://tropy.org/v1/templates/generic,,2025-04-29T13:26:45.755Z,2025-04-29 13:26:45
227,277,https://tropy.org/v1/templates/photo,,2025-04-29T13:26:45.812Z,2025-04-29 13:26:45
228,278,https://tropy.org/v1/templates/generic,,2025-04-29T13:26:45.880Z,2025-04-29 13:26:45
229,279,https://tropy.org/v1/templates/photo,,2025-04-29T13:26:45.935Z,2025-04-29 13:26:45
230,280,https://tropy.org/v1/templates/generic,,2025-04-29T13:26:46.020Z,2025-04-29 13:26:46
231,281,https://tropy.org/v1/templates/photo,,2025-04-29T13:26:46.071Z,2025-04-29 13:26:46
232,282,https://tropy.org/v1/templates/generic,,2025-04-29T13:26:46.147Z,2025-04-29 13:26:46
233,283,https://tropy.org/v1/templates/photo,,2025-04-29T13:26:46.226Z,2025-04-29 13:26:46
234,284,https://tropy.org/v1/templates/generic,,2025-04-29T13:26:46.293Z,2025-04-29 13:26:46
235,285,https://tropy.org/v1/templates/photo,,2025-04-29T13:26:46.358Z,2025-04-29 13:26:46
236,286,https://tropy.org/v1/templates/generic,,2025-04-29T13:26:46.427Z,2025-04-29 13:26:46
237,287,https://tropy.org/v1/templates/photo,,2025-04-29T13:26:47.093Z,2025-04-29 13:26:47
238,288,https://tropy.org/v1/templates/generic,,2025-04-29T13:26:47.154Z,2025-04-29 13:26:47
239,289,https://tropy.org/v1/templates/photo,,2025-04-29T13:26:47.204Z,2025-04-29 13:26:47
240,290,https://tropy.org/v1/templates/generic,,2025-04-29T13:26:47.269Z,2025-04-29 13:26:47
241,291,https://tropy.org/v1/templates/photo,,2025-04-29T13:26:47.317Z,2025-04-29 13:26:47
242,292,https://tropy.org/v1/templates/generic,,2025-04-29T13:26:47.391Z,2025-04-29 13:26:47
243,293,https://tropy.org/v1/templates/photo,,2025-04-29T13:26:47.445Z,2025-04-29 13:26:47
244,294,https://tropy.org/v1/templates/generic,,2025-04-29T13:26:47.493Z,2025-04-29 13:26:47
245,295,https://tropy.org/v1/templates/photo,,2025-04-29T13:26:47.544Z,2025-04-29 13:26:47
246,296,https://tropy.org/v1/templates/generic,,2025-04-29T13:26:47.592Z,2025-04-29 13:26:47
247,297,https://tropy.org/v1/templates/photo,,2025-04-29T13:26:47.641Z,2025-04-29 13:26:47
248,298,https://tropy.org/v1/templates/generic,,2025-04-29T13:26:47.689Z,2025-04-29 13:26:47
249,299,https://tropy.org/v1/templates/photo,,2025-04-29T13:26:47.738Z,2025-04-29 13:26:47
250,300,https://tropy.org/v1/templates/generic,,2025-04-29T13:26:47.787Z,2025-04-29 13:26:47
251,301,https://tropy.org/v1/templates/photo,,2025-04-29T13:26:47.833Z,2025-04-29 13:26:47
252,302,https://tropy.org/v1/templates/generic,,2025-04-29T13:26:47.904Z,2025-04-29 13:26:47
253,303,https://tropy.org/v1/templates/photo,,2025-04-29T13:26:48.939Z,2025-04-29 13:26:48
254,304,https://tropy.org/v1/templates/generic,,2025-04-29T13:26:48.997Z,2025-04-29 13:26:48
255,305,https://tropy.org/v1/templates/photo,,2025-04-29T13:26:49.115Z,2025-04-29 13:26:49
256,306,https://tropy.org/v1/templates/generic,,2025-04-29T13:26:49.174Z,2025-04-29 13:26:49
257,307,https://tropy.org/v1/templates/photo,,2025-04-29T13:26:49.232Z,2025-04-29 13:26:49
258,308,https://tropy.org/v1/templates/generic,,2025-04-29T13:26:49.305Z,2025-04-29 13:26:49
259,309,https://tropy.org/v1/templates/photo,,2025-04-29T13:26:49.367Z,2025-04-29 13:26:49
260,310,https://tropy.org/v1/templates/generic,,2025-04-29T13:26:49.425Z,2025-04-29 13:26:49
261,311,https://tropy.org/v1/templates/photo,,2025-04-29T13:26:49.483Z,2025-04-29 13:26:49
262,312,https://tropy.org/v1/templates/generic,,2025-04-29T13:26:49.531Z,2025-04-29 13:26:49
263,313,https://tropy.org/v1/templates/photo,,2025-04-29T13:26:49.586Z,2025-04-29 13:26:49
264,314,https://tropy.org/v1/templates/generic,,2025-04-29T13:26:49.633Z,2025-04-29 13:26:49
265,315,https://tropy.org/v1/templates/photo,,2025-04-29T13:26:49.694Z,2025-04-29 13:26:49
266,316,https://tropy.org/v1/templates/generic,,2025-04-29T13:26:49.743Z,2025-04-29 13:26:49
267,317,https://tropy.org/v1/templates/photo,,2025-04-29T13:26:49.802Z,2025-04-29 13:26:49
268,318,https://tropy.org/v1/templates/generic,,2025-04-29T13:26:49.853Z,2025-04-29 13:26:49
269,319,https://tropy.org/v1/templates/photo,,2025-04-29T13:26:49.908Z,2025-04-29 13:26:49
270,320,https://tropy.org/v1/templates/generic,,2025-04-29T13:26:49.978Z,2025-04-29 13:26:49
271,321,https://tropy.org/v1/templates/photo,,2025-04-29T13:26:50.036Z,2025-04-29 13:26:50
272,322,https://tropy.org/v1/templates/generic,,2025-04-29T13:26:50.118Z,2025-04-29 13:26:50
273,323,https://tropy.org/v1/templates/photo,,2025-04-29T13:26:50.640Z,2025-04-29 13:26:50
274,324,https://tropy.org/v1/templates/generic,,2025-04-29T13:26:51.317Z,2025-04-29 13:26:51
275,325,https://tropy.org/v1/templates/photo,,2025-04-29T13:26:53.135Z,2025-04-29 13:26:53
276,326,https://tropy.org/v1/templates/generic,,2025-04-29T13:26:53.635Z,2025-04-29 13:26:53
277,327,https://tropy.org/v1/templates/photo,,2025-04-29T13:26:55.442Z,2025-04-29 13:26:55
278,328,https://tropy.org/v1/templates/generic,,2025-04-29T13:26:55.619Z,2025-04-29 13:26:55
279,329,https://tropy.org/v1/templates/photo,,2025-04-29T13:26:55.870Z,2025-04-29 13:26:55
280,330,https://tropy.org/v1/templates/generic,,2025-04-29T13:26:56.263Z,2025-04-29 13:26:56
281,331,https://tropy.org/v1/templates/photo,,2025-04-29T13:26:57.908Z,2025-04-29 13:26:57
282,332,https://tropy.org/v1/templates/generic,,2025-04-29T13:26:58.054Z,2025-04-29 13:26:58
283,333,https://tropy.org/v1/templates/photo,,2025-04-29T13:26:58.108Z,2025-04-29 13:26:58
284,334,https://tropy.org/v1/templates/generic,,2025-04-29T13:26:58.379Z,2025-04-29 13:26:58
285,335,https://tropy.org/v1/templates/photo,,2025-04-29T13:26:58.458Z,2025-04-29 13:26:58
286,336,https://tropy.org/v1/templates/generic,,2025-04-29T13:26:58.515Z,2025-04-29 13:26:58
287,337,https://tropy.org/v1/templates/photo,,2025-04-29T13:26:58.567Z,2025-04-29 13:26:58
288,338,https://tropy.org/v1/templates/generic,,2025-04-29T13:26:58.614Z,2025-04-29 13:26:58
289,339,https://tropy.org/v1/templates/photo,,2025-04-29T13:26:58.665Z,2025-04-29 13:26:58
290,340,https://tropy.org/v1/templates/generic,,2025-04-29T13:26:58.778Z,2025-04-29 13:26:58
291,341,https://tropy.org/v1/templates/photo,,2025-04-29T13:26:58.895Z,2025-04-29 13:26:58
292,342,https://tropy.org/v1/templates/generic,,2025-04-29T13:26:58.952Z,2025-04-29 13:26:58
293,343,https://tropy.org/v1/templates/photo,,2025-04-29T13:26:59.002Z,2025-04-29 13:26:59
294,344,https://tropy.org/v1/templates/generic,,2025-04-29T13:26:59.049Z,2025-04-29 13:26:59
295,345,https://tropy.org/v1/templates/photo,,2025-04-29T13:26:59.101Z,2025-04-29 13:26:59
296,346,https://tropy.org/v1/templates/generic,,2025-04-29T13:26:59.147Z,2025-04-29 13:26:59
297,347,https://tropy.org/v1/templates/photo,,2025-04-29T13:26:59.195Z,2025-04-29 13:26:59
298,348,https://tropy.org/v1/templates/generic,,2025-04-29T13:26:59.245Z,2025-04-29 13:26:59
299,349,https://tropy.org/v1/templates/photo,,2025-04-29T13:26:59.297Z,2025-04-29 13:26:59
300,350,https://tropy.org/v1/templates/generic,,2025-04-29T13:26:59.343Z,2025-04-29 13:26:59
301,351,https://tropy.org/v1/templates/photo,,2025-04-29T13:26:59.357Z,2025-04-29 13:26:59
302,352,https://tropy.org/v1/templates/generic,,2025-04-29T13:26:59.440Z,2025-04-29 13:26:59
303,353,https://tropy.org/v1/templates/photo,,2025-04-29T13:26:59.454Z,2025-04-29 13:26:59
304,354,https://tropy.org/v1/templates/generic,,2025-04-29T13:26:59.533Z,2025-04-29 13:26:59
305,355,https://tropy.org/v1/templates/photo,,2025-04-29T13:26:59.579Z,2025-04-29 13:26:59
306,356,https://tropy.org/v1/templates/generic,,2025-04-29T13:26:59.637Z,2025-04-29 13:26:59
307,357,https://tropy.org/v1/templates/photo,,2025-04-29T13:26:59.649Z,2025-04-29 13:26:59
308,358,https://tropy.org/v1/templates/generic,,2025-04-29T13:26:59.726Z,2025-04-29 13:26:59
309,359,https://tropy.org/v1/templates/photo,,2025-04-29T13:26:59.770Z,2025-04-29 13:26:59
310,360,https://tropy.org/v1/templates/generic,,2025-04-29T13:26:59.845Z,2025-04-29 13:26:59
311,361,https://tropy.org/v1/templates/photo,,2025-04-29T13:26:59.888Z,2025-04-29 13:26:59
312,362,https://tropy.org/v1/templates/generic,,2025-04-29T13:26:59.938Z,2025-04-29 13:26:59
313,363,https://tropy.org/v1/templates/photo,,2025-04-29T13:26:59.952Z,2025-04-29 13:26:59
314,364,https://tropy.org/v1/templates/generic,,2025-04-29T13:27:00.026Z,2025-04-29 13:27:00
315,365,https://tropy.org/v1/templates/photo,,2025-04-29T13:27:00.039Z,2025-04-29 13:27:00
316,366,https://tropy.org/v1/templates/generic,,2025-04-29T13:27:00.168Z,2025-04-29 13:27:00
317,367,https://tropy.org/v1/templates/photo,,2025-04-29T13:27:00.181Z,2025-04-29 13:27:00
318,368,https://tropy.org/v1/templates/generic,,2025-04-29T13:27:00.247Z,2025-04-29 13:27:00
319,369,https://tropy.org/v1/templates/photo,,2025-04-29T13:27:00.258Z,2025-04-29 13:27:00
320,370,https://tropy.org/v1/templates/generic,,2025-04-29T13:27:00.338Z,2025-04-29 13:27:00
321,371,https://tropy.org/v1/templates/photo,,2025-04-29T13:27:00.351Z,2025-04-29 13:27:00
322,372,https://tropy.org/v1/templates/generic,,2025-04-29T13:27:00.418Z,2025-04-29 13:27:00
323,373,https://tropy.org/v1/templates/photo,,2025-04-29T13:27:00.459Z,2025-04-29 13:27:00
324,374,https://tropy.org/v1/templates/generic,,2025-04-29T13:27:00.524Z,2025-04-29 13:27:00
325,375,https://tropy.org/v1/templates/photo,,2025-04-29T13:27:00.537Z,2025-04-29 13:27:00
326,376,https://tropy.org/v1/templates/generic,,2025-04-29T13:27:00.665Z,2025-04-29 13:27:00
327,377,https://tropy.org/v1/templates/photo,,2025-04-29T13:27:00.669Z,2025-04-29 13:27:00
328,378,https://tropy.org/v1/templates/generic,,2025-04-29T13:27:00.715Z,2025-04-29 13:27:00
329,379,https://tropy.org/v1/templates/photo,,2025-04-29T13:27:00.754Z,2025-04-29 13:27:00
330,380,https://tropy.org/v1/templates/generic,,2025-04-29T13:27:00.807Z,2025-04-29 13:27:00
331,381,https://tropy.org/v1/templates/photo,,2025-04-29T13:27:00.819Z,2025-04-29 13:27:00
332,382,https://tropy.org/v1/templates/generic,,2025-04-29T13:27:00.930Z,2025-04-29 13:27:00
333,383,https://tropy.org/v1/templates/photo,,2025-04-29T13:27:00.941Z,2025-04-29 13:27:00
334,384,https://tropy.org/v1/templates/generic,,2025-04-29T13:27:01.019Z,2025-04-29 13:27:01
335,385,https://tropy.org/v1/templates/photo,,2025-04-29T13:27:01.062Z,2025-04-29 13:27:01
336,386,https://tropy.org/v1/templates/generic,,2025-04-29T13:27:01.108Z,2025-04-29 13:27:01
337,387,https://tropy.org/v1/templates/photo,,2025-04-29T13:27:01.119Z,2025-04-29 13:27:01
338,388,https://tropy.org/v1/templates/generic,,2025-04-29T13:27:01.191Z,2025-04-29 13:27:01
339,389,https://tropy.org/v1/templates/photo,,2025-04-29T13:27:01.202Z,2025-04-29 13:27:01
340,390,https://tropy.org/v1/templates/generic,,2025-04-29T13:27:01.269Z,2025-04-29 13:27:01
341,391,https://tropy.org/v1/templates/photo,,2025-04-29T13:27:01.312Z,2025-04-29 13:27:01
342,392,https://tropy.org/v1/templates/generic,,2025-04-29T13:27:01.380Z,2025-04-29 13:27:01
343,393,https://tropy.org/v1/templates/photo,,2025-04-29T13:27:01.430Z,2025-04-29 13:27:01
344,394,https://tropy.org/v1/templates/generic,,2025-04-29T13:27:01.479Z,2025-04-29 13:27:01
345,395,https://tropy.org/v1/templates/photo,,2025-04-29T13:27:01.491Z,2025-04-29 13:27:01
346,396,https://tropy.org/v1/templates/generic,,2025-04-29T13:27:01.576Z,2025-04-29 13:27:01
347,397,https://tropy.org/v1/templates/photo,,2025-04-29T13:27:01.588Z,2025-04-29 13:27:01
348,398,https://tropy.org/v1/templates/generic,,2025-04-29T13:27:01.660Z,2025-04-29 13:27:01
349,399,https://tropy.org/v1/templates/photo,,2025-04-29T13:27:01.674Z,2025-04-29 13:27:01
350,400,https://tropy.org/v1/templates/generic,,2025-04-29T13:27:01.759Z,2025-04-29 13:27:01
351,401,https://tropy.org/v1/templates/photo,,2025-04-29T13:27:01.770Z,2025-04-29 13:27:01
352,402,https://tropy.org/v1/templates/generic,,2025-04-29T13:27:01.849Z,2025-04-29 13:27:01
353,403,https://tropy.org/v1/templates/photo,,2025-04-29T13:27:01.891Z,2025-04-29 13:27:01
354,404,https://tropy.org/v1/templates/generic,,2025-04-29T13:27:01.938Z,2025-04-29 13:27:01
355,405,https://tropy.org/v1/templates/photo,,2025-04-29T13:27:01.951Z,2025-04-29 13:27:01
356,406,https://tropy.org/v1/templates/generic,,2025-04-29T13:27:02.025Z,2025-04-29 13:27:02
357,407,https://tropy.org/v1/templates/photo,,2025-04-29T13:27:02.035Z,2025-04-29 13:27:02
358,408,https://tropy.org/v1/templates/generic,,2025-04-29T13:27:02.110Z,2025-04-29 13:27:02
359,409,https://tropy.org/v1/templates/photo,,2025-04-29T13:27:02.122Z,2025-04-29 13:27:02
360,410,https://tropy.org/v1/templates/generic,,2025-04-29T13:27:02.200Z,2025-04-29 13:27:02
361,411,https://tropy.org/v1/templates/photo,,2025-04-29T13:27:02.245Z,2025-04-29 13:27:02
362,412,https://tropy.org/v1/templates/generic,,2025-04-29T13:27:02.325Z,2025-04-29 13:27:02
363,413,https://tropy.org/v1/templates/photo,,2025-04-29T13:27:02.369Z,2025-04-29 13:27:02
364,414,https://tropy.org/v1/templates/generic,,2025-04-29T13:27:02.421Z,2025-04-29 13:27:02
365,415,https://tropy.org/v1/templates/photo,,2025-04-29T13:27:02.463Z,2025-04-29 13:27:02
366,416,https://tropy.org/v1/templates/generic,,2025-04-29T13:27:02.511Z,2025-04-29 13:27:02
367,417,https://tropy.org/v1/templates/photo,,2025-04-29T13:27:02.522Z,2025-04-29 13:27:02
368,418,https://tropy.org/v1/templates/generic,,2025-04-29T13:27:02.603Z,2025-04-29 13:27:02
369,419,https://tropy.org/v1/templates/photo,,2025-04-29T13:27:02.649Z,2025-04-29 13:27:02
370,420,https://tropy.org/v1/templates/generic,,2025-04-29T13:27:02.705Z,2025-04-29 13:27:02
371,421,https://tropy.org/v1/templates/photo,,2025-04-29T13:27:02.745Z,2025-04-29 13:27:02
372,422,https://tropy.org/v1/templates/generic,,2025-04-29T13:27:02.797Z,2025-04-29 13:27:02
373,423,https://tropy.org/v1/templates/photo,,2025-04-29T13:27:02.809Z,2025-04-29 13:27:02
374,424,https://tropy.org/v1/templates/generic,,2025-04-29T13:27:02.891Z,2025-04-29 13:27:02
375,425,https://tropy.org/v1/templates/photo,,2025-04-29T13:27:02.906Z,2025-04-29 13:27:02
376,426,https://tropy.org/v1/templates/generic,,2025-04-29T13:27:02.982Z,2025-04-29 13:27:02
377,427,https://tropy.org/v1/templates/photo,,2025-04-29T13:27:03.072Z,2025-04-29 13:27:03
378,428,https://tropy.org/v1/templates/generic,,2025-04-29T13:27:03.147Z,2025-04-29 13:27:03
379,429,https://tropy.org/v1/templates/photo,,2025-04-29T13:27:03.187Z,2025-04-29 13:27:03
380,430,https://tropy.org/v1/templates/generic,,2025-04-29T13:27:03.233Z,2025-04-29 13:27:03
381,431,https://tropy.org/v1/templates/photo,,2025-04-29T13:27:03.277Z,2025-04-29 13:27:03
382,432,https://tropy.org/v1/templates/generic,,2025-04-29T13:27:03.322Z,2025-04-29 13:27:03
383,433,https://tropy.org/v1/templates/photo,,2025-04-29T13:27:03.333Z,2025-04-29 13:27:03
384,434,https://tropy.org/v1/templates/generic,,2025-04-29T13:27:03.405Z,2025-04-29 13:27:03
385,435,https://tropy.org/v1/templates/photo,,2025-04-29T13:27:03.416Z,2025-04-29 13:27:03
386,436,https://tropy.org/v1/templates/generic,,2025-04-29T13:27:03.484Z,2025-04-29 13:27:03
387,437,https://tropy.org/v1/templates/photo,,2025-04-29T13:27:03.522Z,2025-04-29 13:27:03
388,438,https://tropy.org/v1/templates/generic,,2025-04-29T13:27:03.594Z,2025-04-29 13:27:03
389,439,https://tropy.org/v1/templates/photo,,2025-04-29T13:27:03.607Z,2025-04-29 13:27:03
390,440,https://tropy.org/v1/templates/generic,,2025-04-29T13:27:03.678Z,2025-04-29 13:27:03
391,441,https://tropy.org/v1/templates/photo,,2025-04-29T13:27:03.690Z,2025-04-29 13:27:03
392,442,https://tropy.org/v1/templates/generic,,2025-04-29T13:27:03.765Z,2025-04-29 13:27:03
393,443,https://tropy.org/v1/templates/photo,,2025-04-29T13:27:03.777Z,2025-04-29 13:27:03
394,444,https://tropy.org/v1/templates/generic,,2025-04-29T13:27:03.858Z,2025-04-29 13:27:03
395,445,https://tropy.org/v1/templates/photo,,2025-04-29T13:27:03.870Z,2025-04-29 13:27:03
396,446,https://tropy.org/v1/templates/generic,,2025-04-29T13:27:03.940Z,2025-04-29 13:27:03
397,447,https://tropy.org/v1/templates/photo,,2025-04-29T13:27:03.978Z,2025-04-29 13:27:03
398,448,https://tropy.org/v1/templates/generic,,2025-04-29T13:27:04.033Z,2025-04-29 13:27:04
399,449,https://tropy.org/v1/templates/photo,,2025-04-29T13:27:04.072Z,2025-04-29 13:27:04
400,450,https://tropy.org/v1/templates/generic,,2025-04-29T13:27:04.120Z,2025-04-29 13:27:04
401,451,https://tropy.org/v1/templates/photo,,2025-04-29T13:27:04.159Z,2025-04-29 13:27:04
402,452,https://tropy.org/v1/templates/generic,,2025-04-29T13:27:04.244Z,2025-04-29 13:27:04
403,453,https://tropy.org/v1/templates/photo,,2025-04-29T13:27:04.259Z,2025-04-29 13:27:04
404,454,https://tropy.org/v1/templates/generic,,2025-04-29T13:27:04.376Z,2025-04-29 13:27:04
405,455,https://tropy.org/v1/templates/photo,,2025-04-29T13:27:04.389Z,2025-04-29 13:27:04
406,456,https://tropy.org/v1/templates/generic,,2025-04-29T13:27:04.462Z,2025-04-29 13:27:04
407,457,https://tropy.org/v1/templates/photo,,2025-04-29T13:27:04.474Z,2025-04-29 13:27:04
408,458,https://tropy.org/v1/templates/generic,,2025-04-29T13:27:04.542Z,2025-04-29 13:27:04
409,459,https://tropy.org/v1/templates/photo,,2025-04-29T13:27:04.553Z,2025-04-29 13:27:04
410,460,https://tropy.org/v1/templates/generic,,2025-04-29T13:27:04.627Z,2025-04-29 13:27:04
411,461,https://tropy.org/v1/templates/photo,,2025-04-29T13:27:04.640Z,2025-04-29 13:27:04
412,462,https://tropy.org/v1/templates/generic,,2025-04-29T13:27:04.731Z,2025-04-29 13:27:04
413,463,https://tropy.org/v1/templates/photo,,2025-04-29T13:27:04.741Z,2025-04-29 13:27:04
414,464,https://tropy.org/v1/templates/generic,,2025-04-29T13:27:04.815Z,2025-04-29 13:27:04
415,465,https://tropy.org/v1/templates/photo,,2025-04-29T13:27:04.826Z,2025-04-29 13:27:04
416,466,https://tropy.org/v1/templates/generic,,2025-04-29T13:27:04.895Z,2025-04-29 13:27:04
417,467,https://tropy.org/v1/templates/photo,,2025-04-29T13:27:04.908Z,2025-04-29 13:27:04
418,468,https://tropy.org/v1/templates/generic,,2025-04-29T13:27:04.981Z,2025-04-29 13:27:04
419,469,https://tropy.org/v1/templates/photo,,2025-04-29T13:27:04.995Z,2025-04-29 13:27:04
420,470,https://tropy.org/v1/templates/generic,,2025-04-29T13:27:05.068Z,2025-04-29 13:27:05
421,471,https://tropy.org/v1/templates/photo,,2025-04-29T13:27:05.111Z,2025-04-29 13:27:05
422,472,https://tropy.org/v1/templates/generic,,2025-04-29T13:27:05.156Z,2025-04-29 13:27:05
423,473,https://tropy.org/v1/templates/photo,,2025-04-29T13:27:05.170Z,2025-04-29 13:27:05
424,474,https://tropy.org/v1/templates/generic,,2025-04-29T13:27:05.240Z,2025-04-29 13:27:05
425,475,https://tropy.org/v1/templates/photo,,2025-04-29T13:27:05.280Z,2025-04-29 13:27:05
426,476,https://tropy.org/v1/templates/generic,,2025-04-29T13:27:05.335Z,2025-04-29 13:27:05
427,477,https://tropy.org/v1/templates/photo,,2025-04-29T13:27:05.374Z,2025-04-29 13:27:05
428,478,https://tropy.org/v1/templates/generic,,2025-04-29T13:27:05.422Z,2025-04-29 13:27:05
429,479,https://tropy.org/v1/templates/photo,,2025-04-29T13:27:05.460Z,2025-04-29 13:27:05
430,480,https://tropy.org/v1/templates/generic,,2025-04-29T13:27:05.505Z,2025-04-29 13:27:05
431,481,https://tropy.org/v1/templates/photo,,2025-04-29T13:27:05.544Z,2025-04-29 13:27:05
432,482,https://tropy.org/v1/templates/generic,,2025-04-29T13:27:05.593Z,2025-04-29 13:27:05
433,483,https://tropy.org/v1/templates/photo,,2025-04-29T13:27:05.605Z,2025-04-29 13:27:05
434,484,https://tropy.org/v1/templates/generic,,2025-04-29T13:27:05.675Z,2025-04-29 13:27:05
435,485,https://tropy.org/v1/templates/photo,,2025-04-29T13:27:05.686Z,2025-04-29 13:27:05
436,486,https://tropy.org/v1/templates/generic,,2025-04-29T13:27:05.756Z,2025-04-29 13:27:05
437,487,https://tropy.org/v1/templates/photo,,2025-04-29T13:27:05.796Z,2025-04-29 13:27:05
438,488,https://tropy.org/v1/templates/generic,,2025-04-29T13:27:05.861Z,2025-04-29 13:27:05
439,489,https://tropy.org/v1/templates/photo,,2025-04-29T13:27:05.876Z,2025-04-29 13:27:05
440,490,https://tropy.org/v1/templates/generic,,2025-04-29T13:27:05.972Z,2025-04-29 13:27:05
441,491,https://tropy.org/v1/templates/photo,,2025-04-29T13:27:06.012Z,2025-04-29 13:27:06
442,492,https://tropy.org/v1/templates/selection,,2025-04-29T13:41:30.880Z,2025-04-29 13:41:30
443,493,https://tropy.org/v1/templates/selection,,2025-04-29T13:42:25.240Z,2025-04-29 13:42:25
444,494,https://tropy.org/v1/templates/id#X6ZKdlFw,,2025-04-29T13:46:36.520Z,2025-04-29T13:55:18.562Z
445,495,https://tropy.org/v1/templates/photo,,2025-04-29T13:46:36.523Z,2025-04-29 13:46:36
446,496,https://tropy.org/v1/templates/generic,,2025-05-05T06:50:46.647Z,2025-05-05 06:50:46
447,497,https://tropy.org/v1/templates/generic,,2025-05-06T09:58:13.439Z,2025-05-06 09:58:13
448,498,https://tropy.org/v1/templates/photo,,2025-05-06T09:58:13.445Z,2025-05-06 09:58:13
449,499,https://tropy.org/v1/templates/generic,,2025-05-06T09:58:13.476Z,2025-05-06 09:58:13
450,500,https://tropy.org/v1/templates/photo,,2025-05-06T09:58:13.486Z,2025-05-06 09:58:13
451,501,https://tropy.org/v1/templates/generic,,2025-05-06T09:58:13.501Z,2025-05-06 09:58:13
452,502,https://tropy.org/v1/templates/photo,,2025-05-06T09:58:13.511Z,2025-05-06 09:58:13
453,503,https://tropy.org/v1/templates/generic,,2025-05-06T09:58:13.526Z,2025-05-06 09:58:13
454,504,https://tropy.org/v1/templates/photo,,2025-05-06T09:58:13.534Z,2025-05-06 09:58:13
455,505,https://tropy.org/v1/templates/generic,,2025-05-06T09:58:13.552Z,2025-05-06 09:58:13
456,506,https://tropy.org/v1/templates/photo,,2025-05-06T09:58:13.559Z,2025-05-06 09:58:13
457,507,https://tropy.org/v1/templates/photo,,2025-05-06T09:58:13.561Z,2025-05-06 09:58:13
458,508,https://tropy.org/v1/templates/photo,,2025-05-06T09:58:13.564Z,2025-05-06 09:58:13
459,509,https://tropy.org/v1/templates/generic,,2025-05-06T09:58:13.580Z,2025-05-06 09:58:13
460,510,https://tropy.org/v1/templates/photo,,2025-05-06T09:58:13.586Z,2025-05-06 09:58:13
461,511,https://tropy.org/v1/templates/generic,,2025-05-06T09:58:13.604Z,2025-05-06 09:58:13
462,512,https://tropy.org/v1/templates/photo,,2025-05-06T09:58:13.609Z,2025-05-06 09:58:13
463,513,https://tropy.org/v1/templates/generic,,2025-05-06T09:58:13.620Z,2025-05-06 09:58:13
464,514,https://tropy.org/v1/templates/photo,,2025-05-06T09:58:13.628Z,2025-05-06 09:58:13
465,515,https://tropy.org/v1/templates/photo,,2025-05-06T09:58:13.630Z,2025-05-06 09:58:13
466,516,https://tropy.org/v1/templates/photo,,2025-05-06T09:58:13.632Z,2025-05-06 09:58:13
467,517,https://tropy.org/v1/templates/generic,,2025-05-06T09:58:13.645Z,2025-05-06 09:58:13
468,518,https://tropy.org/v1/templates/photo,,2025-05-06T09:58:13.653Z,2025-05-06 09:58:13
469,519,https://tropy.org/v1/templates/photo,,2025-05-06T09:58:13.655Z,2025-05-06 09:58:13
470,520,https://tropy.org/v1/templates/generic,,2025-05-06T09:58:13.669Z,2025-05-06 09:58:13
471,521,https://tropy.org/v1/templates/photo,,2025-05-06T09:58:13.681Z,2025-05-06 09:58:13
472,522,https://tropy.org/v1/templates/photo,,2025-05-06T09:58:13.683Z,2025-05-06 09:58:13
473,523,https://tropy.org/v1/templates/generic,,2025-05-06T09:58:13.701Z,2025-05-06 09:58:13
474,524,https://tropy.org/v1/templates/photo,,2025-05-06T09:58:13.708Z,2025-05-06 09:58:13
475,525,https://tropy.org/v1/templates/photo,,2025-05-06T09:58:13.710Z,2025-05-06 09:58:13
476,526,https://tropy.org/v1/templates/generic,,2025-05-06T09:58:13.724Z,2025-05-06 09:58:13
477,527,https://tropy.org/v1/templates/photo,,2025-05-06T09:58:13.731Z,2025-05-06 09:58:13
478,528,https://tropy.org/v1/templates/photo,,2025-05-06T09:58:13.733Z,2025-05-06 09:58:13
479,529,https://tropy.org/v1/templates/generic,,2025-05-06T09:58:13.746Z,2025-05-06 09:58:13
480,530,https://tropy.org/v1/templates/photo,,2025-05-06T09:58:13.753Z,2025-05-06 09:58:13
481,531,https://tropy.org/v1/templates/photo,,2025-05-06T09:58:13.756Z,2025-05-06 09:58:13
482,532,https://tropy.org/v1/templates/generic,,2025-05-06T09:58:13.770Z,2025-05-06 09:58:13
483,533,https://tropy.org/v1/templates/photo,,2025-05-06T09:58:13.775Z,2025-05-06 09:58:13
484,534,https://tropy.org/v1/templates/photo,,2025-05-06T09:58:13.777Z,2025-05-06 09:58:13
485,535,https://tropy.org/v1/templates/photo,,2025-05-06T09:58:13.779Z,2025-05-06 09:58:13
486,536,https://tropy.org/v1/templates/generic,,2025-05-06T09:58:13.793Z,2025-05-06 09:58:13
487,537,https://tropy.org/v1/templates/photo,,2025-05-06T09:58:13.798Z,2025-05-06 09:58:13
488,538,https://tropy.org/v1/templates/generic,,2025-05-06T09:58:13.814Z,2025-05-06 09:58:13
489,539,https://tropy.org/v1/templates/photo,,2025-05-06T09:58:13.818Z,2025-05-06 09:58:13
490,540,https://tropy.org/v1/templates/generic,,2025-05-06T09:58:13.828Z,2025-05-06 09:58:13
491,541,https://tropy.org/v1/templates/photo,,2025-05-06T09:58:13.834Z,2025-05-06 09:58:13
492,542,https://tropy.org/v1/templates/photo,,2025-05-06T09:58:13.836Z,2025-05-06 09:58:13
493,543,https://tropy.org/v1/templates/photo,,2025-05-06T09:58:13.838Z,2025-05-06 09:58:13
494,544,https://tropy.org/v1/templates/generic,,2025-05-06T09:58:13.851Z,2025-05-06 09:58:13
495,545,https://tropy.org/v1/templates/photo,,2025-05-06T09:58:13.858Z,2025-05-06 09:58:13
496,546,https://tropy.org/v1/templates/generic,,2025-05-06T09:58:13.873Z,2025-05-06 09:58:13
497,547,https://tropy.org/v1/templates/photo,,2025-05-06T09:58:13.877Z,2025-05-06 09:58:13
498,548,https://tropy.org/v1/templates/generic,,2025-05-06T09:58:13.894Z,2025-05-06 09:58:13
499,549,https://tropy.org/v1/templates/photo,,2025-05-06T09:58:13.899Z,2025-05-06 09:58:13
500,550,https://tropy.org/v1/templates/generic,,2025-05-06T09:58:13.915Z,2025-05-06 09:58:13
501,551,https://tropy.org/v1/templates/photo,,2025-05-06T09:58:13.921Z,2025-05-06 09:58:13
502,552,https://tropy.org/v1/templates/generic,,2025-05-06T09:58:13.938Z,2025-05-06 09:58:13
503,553,https://tropy.org/v1/templates/photo,,2025-05-06T09:58:13.943Z,2025-05-06 09:58:13
504,554,https://tropy.org/v1/templates/generic,,2025-05-06T09:58:13.958Z,2025-05-06 09:58:13
505,555,https://tropy.org/v1/templates/photo,,2025-05-06T09:58:13.966Z,2025-05-06 09:58:13
506,556,https://tropy.org/v1/templates/generic,,2025-05-06T09:58:13.980Z,2025-05-06 09:58:13
507,557,https://tropy.org/v1/templates/photo,,2025-05-06T09:58:13.984Z,2025-05-06 09:58:13
508,558,https://tropy.org/v1/templates/generic,,2025-05-06T09:58:13.995Z,2025-05-06 09:58:13
509,559,https://tropy.org/v1/templates/photo,,2025-05-06T09:58:14.003Z,2025-05-06 09:58:14
510,560,https://tropy.org/v1/templates/photo,,2025-05-06T09:58:14.005Z,2025-05-06 09:58:14
511,561,https://tropy.org/v1/templates/photo,,2025-05-06T09:58:14.006Z,2025-05-06 09:58:14
512,562,https://tropy.org/v1/templates/generic,,2025-05-06T09:58:14.017Z,2025-05-06 09:58:14
513,563,https://tropy.org/v1/templates/photo,,2025-05-06T09:58:14.024Z,2025-05-06 09:58:14
514,564,https://tropy.org/v1/templates/generic,,2025-05-06T09:58:14.042Z,2025-05-06 09:58:14
515,565,https://tropy.org/v1/templates/photo,,2025-05-06T09:58:14.048Z,2025-05-06 09:58:14
516,566,https://tropy.org/v1/templates/photo,,2025-05-06T09:58:14.049Z,2025-05-06 09:58:14
517,567,https://tropy.org/v1/templates/generic,,2025-05-06T09:58:14.065Z,2025-05-06 09:58:14
518,568,https://tropy.org/v1/templates/photo,,2025-05-06T09:58:14.072Z,2025-05-06 09:58:14
519,569,https://tropy.org/v1/templates/generic,,2025-05-06T09:58:14.088Z,2025-05-06 09:58:14
520,570,https://tropy.org/v1/templates/photo,,2025-05-06T09:58:14.092Z,2025-05-06 09:58:14
521,571,https://tropy.org/v1/templates/photo,,2025-05-06T09:58:14.094Z,2025-05-06 09:58:14
522,572,https://tropy.org/v1/templates/photo,,2025-05-06T09:58:14.095Z,2025-05-06 09:58:14
523,573,https://tropy.org/v1/templates/generic,,2025-05-06T09:58:14.109Z,2025-05-06 09:58:14
524,574,https://tropy.org/v1/templates/photo,,2025-05-06T09:58:14.114Z,2025-05-06 09:58:14
525,575,https://tropy.org/v1/templates/generic,,2025-05-06T09:58:14.135Z,2025-05-06 09:58:14
526,576,https://tropy.org/v1/templates/photo,,2025-05-06T09:58:14.155Z,2025-05-06 09:58:14
527,577,https://tropy.org/v1/templates/generic,,2025-05-06T09:58:14.167Z,2025-05-06 09:58:14
528,578,https://tropy.org/v1/templates/photo,,2025-05-06T09:58:14.177Z,2025-05-06 09:58:14
529,579,https://tropy.org/v1/templates/generic,,2025-05-06T09:58:14.192Z,2025-05-06 09:58:14
530,580,https://tropy.org/v1/templates/photo,,2025-05-06T09:58:14.197Z,2025-05-06 09:58:14
531,581,https://tropy.org/v1/templates/generic,,2025-05-06T09:58:14.213Z,2025-05-06 09:58:14
532,582,https://tropy.org/v1/templates/photo,,2025-05-06T09:58:14.218Z,2025-05-06 09:58:14
533,583,https://tropy.org/v1/templates/generic,,2025-05-06T09:58:14.229Z,2025-05-06 09:58:14
534,584,https://tropy.org/v1/templates/photo,,2025-05-06T09:58:14.236Z,2025-05-06 09:58:14
535,585,https://tropy.org/v1/templates/generic,,2025-05-06T09:58:14.249Z,2025-05-06 09:58:14
536,586,https://tropy.org/v1/templates/photo,,2025-05-06T09:58:14.254Z,2025-05-06 09:58:14
537,587,https://tropy.org/v1/templates/generic,,2025-05-06T09:58:14.268Z,2025-05-06 09:58:14
538,588,https://tropy.org/v1/templates/photo,,2025-05-06T09:58:14.274Z,2025-05-06 09:58:14
539,589,https://tropy.org/v1/templates/generic,,2025-05-06T09:58:14.288Z,2025-05-06 09:58:14
540,590,https://tropy.org/v1/templates/photo,,2025-05-06T09:58:14.293Z,2025-05-06 09:58:14
541,591,https://tropy.org/v1/templates/generic,,2025-05-06T09:58:14.303Z,2025-05-06 09:58:14
542,592,https://tropy.org/v1/templates/photo,,2025-05-06T09:58:14.311Z,2025-05-06 09:58:14
543,593,https://tropy.org/v1/templates/generic,,2025-05-06T09:58:14.325Z,2025-05-06 09:58:14
544,594,https://tropy.org/v1/templates/photo,,2025-05-06T09:58:14.333Z,2025-05-06 09:58:14
545,595,https://tropy.org/v1/templates/generic,,2025-05-06T09:58:14.352Z,2025-05-06 09:58:14
546,596,https://tropy.org/v1/templates/photo,,2025-05-06T09:58:14.358Z,2025-05-06 09:58:14
547,597,https://tropy.org/v1/templates/generic,,2025-05-06T09:58:14.373Z,2025-05-06 09:58:14
548,598,https://tropy.org/v1/templates/photo,,2025-05-06T09:58:14.379Z,2025-05-06 09:58:14
549,599,https://tropy.org/v1/templates/generic,,2025-05-06T09:58:14.392Z,2025-05-06 09:58:14
550,600,https://tropy.org/v1/templates/photo,,2025-05-06T09:58:14.398Z,2025-05-06 09:58:14
551,601,https://tropy.org/v1/templates/generic,,2025-05-06T09:58:14.413Z,2025-05-06 09:58:14
552,602,https://tropy.org/v1/templates/photo,,2025-05-06T09:58:14.418Z,2025-05-06 09:58:14
553,603,https://tropy.org/v1/templates/generic,,2025-05-06T09:58:14.432Z,2025-05-06 09:58:14
554,604,https://tropy.org/v1/templates/photo,,2025-05-06T09:58:14.439Z,2025-05-06 09:58:14
555,605,https://tropy.org/v1/templates/generic,,2025-05-06T09:58:14.452Z,2025-05-06 09:58:14
556,606,https://tropy.org/v1/templates/photo,,2025-05-06T09:58:14.457Z,2025-05-06 09:58:14
557,607,https://tropy.org/v1/templates/generic,,2025-05-06T09:58:14.472Z,2025-05-06 09:58:14
558,608,https://tropy.org/v1/templates/photo,,2025-05-06T09:58:14.481Z,2025-05-06 09:58:14
559,609,https://tropy.org/v1/templates/generic,,2025-05-06T09:58:14.496Z,2025-05-06 09:58:14
560,610,https://tropy.org/v1/templates/photo,,2025-05-06T09:58:14.501Z,2025-05-06 09:58:14
561,611,https://tropy.org/v1/templates/generic,,2025-05-06T09:58:14.511Z,2025-05-06 09:58:14
562,612,https://tropy.org/v1/templates/photo,,2025-05-06T09:58:14.519Z,2025-05-06 09:58:14
563,613,https://tropy.org/v1/templates/generic,,2025-05-06T09:58:14.534Z,2025-05-06 09:58:14
564,614,https://tropy.org/v1/templates/photo,,2025-05-06T09:58:14.539Z,2025-05-06 09:58:14
565,615,https://tropy.org/v1/templates/generic,,2025-05-06T09:58:14.553Z,2025-05-06 09:58:14
566,616,https://tropy.org/v1/templates/photo,,2025-05-06T09:58:14.559Z,2025-05-06 09:58:14
567,617,https://tropy.org/v1/templates/generic,,2025-05-06T09:58:14.572Z,2025-05-06 09:58:14
568,618,https://tropy.org/v1/templates/photo,,2025-05-06T09:58:14.577Z,2025-05-06 09:58:14
569,619,https://tropy.org/v1/templates/generic,,2025-05-06T09:58:14.591Z,2025-05-06 09:58:14
570,620,https://tropy.org/v1/templates/photo,,2025-05-06T09:58:14.595Z,2025-05-06 09:58:14
571,621,https://tropy.org/v1/templates/generic,,2025-05-06T09:58:14.611Z,2025-05-06 09:58:14
572,622,https://tropy.org/v1/templates/photo,,2025-05-06T09:58:14.616Z,2025-05-06 09:58:14
573,623,https://tropy.org/v1/templates/generic,,2025-05-06T09:58:14.632Z,2025-05-06 09:58:14
574,624,https://tropy.org/v1/templates/photo,,2025-05-06T09:58:14.637Z,2025-05-06 09:58:14
575,625,https://tropy.org/v1/templates/generic,,2025-05-06T09:58:14.650Z,2025-05-06 09:58:14
576,626,https://tropy.org/v1/templates/photo,,2025-05-06T09:58:14.655Z,2025-05-06 09:58:14
577,627,https://tropy.org/v1/templates/generic,,2025-05-06T09:58:14.669Z,2025-05-06 09:58:14
578,628,https://tropy.org/v1/templates/photo,,2025-05-06T09:58:14.674Z,2025-05-06 09:58:14
579,629,https://tropy.org/v1/templates/generic,,2025-05-06T09:58:14.688Z,2025-05-06 09:58:14
580,630,https://tropy.org/v1/templates/photo,,2025-05-06T09:58:14.693Z,2025-05-06 09:58:14
581,631,https://tropy.org/v1/templates/generic,,2025-05-06T09:58:14.708Z,2025-05-06 09:58:14
582,632,https://tropy.org/v1/templates/photo,,2025-05-06T09:58:14.713Z,2025-05-06 09:58:14
583,633,https://tropy.org/v1/templates/generic,,2025-05-06T09:58:14.727Z,2025-05-06 09:58:14
584,634,https://tropy.org/v1/templates/photo,,2025-05-06T09:58:14.732Z,2025-05-06 09:58:14
585,635,https://tropy.org/v1/templates/generic,,2025-05-06T09:58:14.749Z,2025-05-06 09:58:14
586,636,https://tropy.org/v1/templates/photo,,2025-05-06T09:58:14.754Z,2025-05-06 09:58:14
587,637,https://tropy.org/v1/templates/generic,,2025-05-06T09:58:14.772Z,2025-05-06 09:58:14
588,638,https://tropy.org/v1/templates/photo,,2025-05-06T09:58:14.776Z,2025-05-06 09:58:14
589,639,https://tropy.org/v1/templates/generic,,2025-05-06T09:58:14.790Z,2025-05-06 09:58:14
590,640,https://tropy.org/v1/templates/photo,,2025-05-06T09:58:14.797Z,2025-05-06 09:58:14
591,641,https://tropy.org/v1/templates/generic,,2025-05-06T09:58:14.810Z,2025-05-06 09:58:14
592,642,https://tropy.org/v1/templates/photo,,2025-05-06T09:58:14.816Z,2025-05-06 09:58:14
593,643,https://tropy.org/v1/templates/generic,,2025-05-06T09:58:14.831Z,2025-05-06 09:58:14
594,644,https://tropy.org/v1/templates/photo,,2025-05-06T09:58:14.836Z,2025-05-06 09:58:14
595,645,https://tropy.org/v1/templates/generic,,2025-05-06T09:58:14.850Z,2025-05-06 09:58:14
596,646,https://tropy.org/v1/templates/photo,,2025-05-06T09:58:14.854Z,2025-05-06 09:58:14
597,647,https://tropy.org/v1/templates/generic,,2025-05-06T09:58:14.867Z,2025-05-06 09:58:14
598,648,https://tropy.org/v1/templates/photo,,2025-05-06T09:58:14.871Z,2025-05-06 09:58:14
599,649,https://tropy.org/v1/templates/generic,,2025-05-06T09:58:14.885Z,2025-05-06 09:58:14
600,650,https://tropy.org/v1/templates/photo,,2025-05-06T09:58:14.890Z,2025-05-06 09:58:14
601,651,https://tropy.org/v1/templates/generic,,2025-05-06T09:58:14.908Z,2025-05-06 09:58:14
602,652,https://tropy.org/v1/templates/photo,,2025-05-06T09:58:14.913Z,2025-05-06 09:58:14
603,653,https://tropy.org/v1/templates/generic,,2025-05-06T09:58:14.927Z,2025-05-06 09:58:14
604,654,https://tropy.org/v1/templates/photo,,2025-05-06T09:58:14.931Z,2025-05-06 09:58:14
605,655,https://tropy.org/v1/templates/generic,,2025-05-06T09:58:14.945Z,2025-05-06 09:58:14
606,656,https://tropy.org/v1/templates/photo,,2025-05-06T09:58:14.949Z,2025-05-06 09:58:14
607,657,https://tropy.org/v1/templates/generic,,2025-05-06T09:58:14.962Z,2025-05-06 09:58:14
608,658,https://tropy.org/v1/templates/photo,,2025-05-06T09:58:14.966Z,2025-05-06 09:58:14
609,659,https://tropy.org/v1/templates/generic,,2025-05-06T09:58:14.976Z,2025-05-06 09:58:14
610,660,https://tropy.org/v1/templates/photo,,2025-05-06T09:58:14.979Z,2025-05-06 09:58:14
611,661,https://tropy.org/v1/templates/generic,,2025-05-06T09:58:14.995Z,2025-05-06 09:58:14
612,662,https://tropy.org/v1/templates/photo,,2025-05-06T09:58:14.999Z,2025-05-06 09:58:14
613,663,https://tropy.org/v1/templates/generic,,2025-05-06T09:58:15.011Z,2025-05-06 09:58:15
614,664,https://tropy.org/v1/templates/photo,,2025-05-06T09:58:15.017Z,2025-05-06 09:58:15
615,665,https://tropy.org/v1/templates/generic,,2025-05-06T09:58:15.030Z,2025-05-06 09:58:15
616,666,https://tropy.org/v1/templates/photo,,2025-05-06T09:58:15.035Z,2025-05-06 09:58:15
617,667,https://tropy.org/v1/templates/generic,,2025-05-06T09:58:15.050Z,2025-05-06 09:58:15
618,668,https://tropy.org/v1/templates/photo,,2025-05-06T09:58:15.056Z,2025-05-06 09:58:15
619,669,https://tropy.org/v1/templates/generic,,2025-05-06T09:58:15.070Z,2025-05-06 09:58:15
620,670,https://tropy.org/v1/templates/photo,,2025-05-06T09:58:15.074Z,2025-05-06 09:58:15
621,671,https://tropy.org/v1/templates/generic,,2025-05-06T09:58:15.087Z,2025-05-06 09:58:15
622,672,https://tropy.org/v1/templates/photo,,2025-05-06T09:58:15.093Z,2025-05-06 09:58:15
623,673,https://tropy.org/v1/templates/photo,,2025-05-06T09:58:15.095Z,2025-05-06 09:58:15
624,674,https://tropy.org/v1/templates/photo,,2025-05-06T09:58:15.097Z,2025-05-06 09:58:15
625,675,https://tropy.org/v1/templates/photo,,2025-05-06T09:58:15.099Z,2025-05-06 09:58:15
626,676,https://tropy.org/v1/templates/photo,,2025-05-06T09:58:15.100Z,2025-05-06 09:58:15
627,677,https://tropy.org/v1/templates/photo,,2025-05-06T09:58:15.102Z,2025-05-06 09:58:15
628,678,https://tropy.org/v1/templates/photo,,2025-05-06T09:58:15.103Z,2025-05-06 09:58:15
629,679,https://tropy.org/v1/templates/photo,,2025-05-06T09:58:15.105Z,2025-05-06 09:58:15
630,680,https://tropy.org/v1/templates/photo,,2025-05-06T09:58:15.106Z,2025-05-06 09:58:15
631,681,https://tropy.org/v1/templates/photo,,2025-05-06T09:58:15.107Z,2025-05-06 09:58:15
632,682,https://tropy.org/v1/templates/photo,,2025-05-06T09:58:15.109Z,2025-05-06 09:58:15
633,683,https://tropy.org/v1/templates/photo,,2025-05-06T09:58:15.110Z,2025-05-06 09:58:15
634,684,https://tropy.org/v1/templates/photo,,2025-05-06T09:58:15.111Z,2025-05-06 09:58:15
635,685,https://tropy.org/v1/templates/photo,,2025-05-06T09:58:15.113Z,2025-05-06 09:58:15
636,686,https://tropy.org/v1/templates/photo,,2025-05-06T09:58:15.115Z,2025-05-06 09:58:15
637,687,https://tropy.org/v1/templates/photo,,2025-05-06T09:58:15.117Z,2025-05-06 09:58:15
638,688,https://tropy.org/v1/templates/generic,,2025-05-06T09:58:15.134Z,2025-05-06 09:58:15
639,689,https://tropy.org/v1/templates/photo,,2025-05-06T09:58:15.140Z,2025-05-06 09:58:15
640,690,https://tropy.org/v1/templates/generic,,2025-05-06T09:58:15.156Z,2025-05-06 09:58:15
641,691,https://tropy.org/v1/templates/photo,,2025-05-06T09:58:15.162Z,2025-05-06 09:58:15
642,692,https://tropy.org/v1/templates/photo,,2025-05-06T09:58:15.164Z,2025-05-06 09:58:15
643,693,https://tropy.org/v1/templates/photo,,2025-05-06T09:58:15.166Z,2025-05-06 09:58:15
644,694,https://tropy.org/v1/templates/generic,,2025-05-06T09:58:15.181Z,2025-05-06 09:58:15
645,695,https://tropy.org/v1/templates/photo,,2025-05-06T09:58:15.186Z,2025-05-06 09:58:15
646,696,https://tropy.org/v1/templates/generic,,2025-05-06T09:58:15.198Z,2025-05-06 09:58:15
647,697,https://tropy.org/v1/templates/photo,,2025-05-06T09:58:15.208Z,2025-05-06 09:58:15
648,698,https://tropy.org/v1/templates/generic,,2025-05-06T09:58:15.222Z,2025-05-06 09:58:15
649,699,https://tropy.org/v1/templates/photo,,2025-05-06T09:58:15.226Z,2025-05-06 09:58:15
650,700,https://tropy.org/v1/templates/generic,,2025-05-06T09:58:15.237Z,2025-05-06 09:58:15
651,701,https://tropy.org/v1/templates/photo,,2025-05-06T09:58:15.244Z,2025-05-06 09:58:15
652,702,https://tropy.org/v1/templates/generic,,2025-05-06T09:58:15.258Z,2025-05-06 09:58:15
653,703,https://tropy.org/v1/templates/photo,,2025-05-06T09:58:15.262Z,2025-05-06 09:58:15
654,704,https://tropy.org/v1/templates/generic,,2025-05-06T09:58:15.276Z,2025-05-06 09:58:15
655,705,https://tropy.org/v1/templates/photo,,2025-05-06T09:58:15.280Z,2025-05-06 09:58:15
656,706,https://tropy.org/v1/templates/generic,,2025-05-06T09:58:15.294Z,2025-05-06 09:58:15
657,707,https://tropy.org/v1/templates/photo,,2025-05-06T09:58:15.299Z,2025-05-06 09:58:15
658,708,https://tropy.org/v1/templates/generic,,2025-05-06T09:58:15.311Z,2025-05-06 09:58:15
659,709,https://tropy.org/v1/templates/photo,,2025-05-06T09:58:15.316Z,2025-05-06 09:58:15
660,710,https://tropy.org/v1/templates/selection,,2025-05-06T10:29:56.210Z,2025-05-06 10:29:56
661,711,https://tropy.org/v1/templates/selection,,2025-05-06T10:30:17.279Z,2025-05-06 10:30:17
662,712,https://tropy.org/v1/templates/selection,,2025-05-06T10:31:26.051Z,2025-05-06 10:31:26
663,713,https://tropy.org/v1/templates/selection,,2025-05-06T10:31:28.387Z,2025-05-06 10:31:28
664,714,https://tropy.org/v1/templates/selection,,2025-05-06T10:32:00.778Z,2025-05-06 10:32:00
665,715,https://tropy.org/v1/templates/selection,,2025-05-06T10:32:16.086Z,2025-05-06 10:32:16
