Name,"Wikidata QID","instance of",role,"related to",occupation
"Antoine-François Marmontel",Q586181,,composer,"music education",
"Antoine-François Marmontel",Q586181,,composer,"piano music",
"Jean-Jérôme Imbault",Q20538968,,publisher,"vocal pedagogy",
"Girolamo Crescentini",Q552124,,composer,"vocal pedagogy",
"Girolamo Crescentini",Q552124,,composer,virtuoso,
"Alexis de Garaudé",Q1246443,,composer,"music education",
"Alexis de Garaudé",Q1246443,,composer,"vocal pedagogy",
"Mathis Lussy",Q4272270,,composer,"music education",
"Mathis Lussy",Q4272270,,composer,"music theory",
"Peter Wagner",Q4102224,,editor,"Cecilian Movement",
"Peter Wagner",Q4102224,,editor,plainsong,
"Johann Caspar Aiblinger",Q69691,,composer,"early music",
"Johann Caspar Aiblinger",Q69691,,composer,"Cecilian Movement",
"Johann Caspar Aiblinger",Q69691,,composer,"period composition",
"Aloys Desmet",Q47254502,,composer,"Cecilian Movement",
"Aloys Desmet",Q47254502,,composer,"early music",
"Aloys Desmet",Q47254502,,composer,"period composition",
"Johann Baptist Singenberger",Q6215625,,composer,"Cecilian Movement",composer
"Johann Baptist Singenberger",Q6215625,,composer,"early music",composer
"Gustaaf Van Hulse",Q133537215,,composer,"Cecilian Movement",
"Gustaaf Van Hulse",Q133537215,,composer,"period composition",
"Gustaaf Van Hulse",Q133537215,,composer,"early music",
"Gaston Feremans",Q2423402,,composer,"period composition",
"Gaston Feremans",Q2423402,,composer,"Cecilian Movement",
"Gaston Feremans",Q2423402,,composer,"early music",
"Oscar Depuydt",Q3356968,,composer,"Cecilian Movement",
"Oscar Depuydt",Q3356968,,composer,"period composition",
"Oscar Depuydt",Q3356968,,composer,"organ music",
"Ignacio Prieto",Q65203842,,,"period composition",
"Ignacio Prieto",Q65203842,,,"Cecilian Movement",
"Ignacio Prieto",Q65203842,,,"early music",
"Paul de Maleingreau",Q1625406,,composer,"Cecilian Movement",
"Paul de Maleingreau",Q1625406,,composer,"organ music",
"Paul de Maleingreau",Q1625406,,composer,"period composition",
"Mario van Overeem",Q132860429,,composer,"period composition",
"Mario van Overeem",Q132860429,,composer,"Cecilian Movement",
"Mario van Overeem",Q132860429,,composer,"early music",
"Charles Van den Borren",Q1066297,,librettist,"early music",
"Charles Van den Borren",Q1066297,,librettist,"Cecilian Movement",
"Charles Van den Borren",Q1066297,,librettist,"period composition",
"Raymond Moulaert",Q1963017,,composer,"Cecilian Movement",
"Raymond Moulaert",Q1963017,,composer,"period composition",
"Raymond Moulaert",Q1963017,,composer,"early music",
"Remi Ghesquiere",Q4423628,,composer,"Cecilian Movement",
"Remi Ghesquiere",Q4423628,,composer,"early music",
"August De Coninck",Q132860323,,composer,"Cecilian Movement",
"Charles De Liever",Q132860106,,composer,"Cecilian Movement",
"Safford Cape",Q3461275,,composer,"early music",
"Safford Cape",Q3461275,,composer,"Cecilian Movement",
"Safford Cape",Q3461275,,composer,"period composition",
"Jean-Marie Plum",Q18222024,,composer,"period composition",
"Jean-Marie Plum",Q18222024,,composer,"Cecilian Movement",
"Jean-Marie Plum",Q18222024,,composer,"early music",
"Lode Dessel",Q15119885,,composer,"early music",
"Lode Dessel",Q15119885,,composer,"Cecilian Movement",
"Lode Dessel",Q15119885,,composer,"period composition",
"Henri Durieux",Q132575721,,composer,"Cecilian Movement",
"Henri Durieux",Q132575721,,composer,"period composition",
"Henri Durieux",Q132575721,,composer,"early music",
"Ivo Mortelmans",Q1920935,,composer,"early music",
"Ivo Mortelmans",Q1920935,,composer,"period composition",
"Ivo Mortelmans",Q1920935,,composer,"Cecilian Movement",
"Franciscus Verhelst",Q115812805,,composer,"Cecilian Movement",
"Franciscus Verhelst",Q115812805,,composer,"period composition",
"Franciscus Verhelst",Q115812805,,composer,"early music",
"Florian Heyerick",Q1429724,,"scholar (owner)","early music",
"Florian Heyerick",Q1429724,,"scholar (owner)","Cecilian Movement",
"Stephan Lück",Q131696805,,editor,"early music",
"Stephan Lück",Q131696805,,editor,"Cecilian Movement",
"Eugène Ploix Editeur",Q132188613,,publisher,"early music",
"Louis Brassin",Q1367651,,editor,"early music",
"Louis Brassin",Q1367651,,composer,"early music",
"Alfred Cortot",Q116057,,editor,"early music",
"Alfred Cortot",Q116057,,composer,"early music",
"Jeanne Herscher-Clément",Q15429314,,editor,"early music",
"Jeanne Herscher-Clément",Q15429314,,composer,"early music",
"Colombier Editeur",,"music publishing company",,"salon music",
"Jean Beÿens",,human,composer,"salon music",
"J.Hamelle Editeur",,"music publishing company",,"salon music",
"Francesco Bianchi",,"music publishing company",publisher,"salon music",
"Marie Pleyel",Q437228,,,"salon music",
"Pierre Lafitte",Q3385724,,publisher,"salon music",
"Alphonse Mailly",Q460715,,,,
"Isidore de Lara",Q971436,,,,
"Edmond Filipucci",Q131754063,,,,
"Raoul Laparra",Q2131266,,,,
"Gustave Samazeuilh",Q447590,,,,
"Moritz Moszkowski",Q322427,,,,
"Louis Ganne",Q779631,,,,
"Émile Paladilhe",Q286294,,,,
"Jean d'Udine",Q66023745,,,,
"Gustave Doret",Q667254,,,,
"Antoine Banès",Q16855465,,,,
"Ruggero Leoncavallo",Q189015,,,,
"Louis Dumas",Q16191352,,,,
"Paul Pierné",Q322201,,,,
"Felix Borowski",Q5442146,,,,
"Georges Bizet",Q56158,,,,
"Camille Erlanger",Q936002,,,,
"Alexander Borodin",Q164004,,,,
"Émile Jaques-Dalcroze",Q286062,,,,
"Fernand de Borne",Q131752606,,,,
"Mélanie Bonis",Q467452,,,,
"Charles-Marie Widor",Q215161,,,,
"Alexandre Georges",Q2833698,,,,
"Henry Eymieu",Q110222869,,,,
"Charles Levadé",Q1065331,,,,
"Victor Gallois",Q101658558,,,,
"Alexander Scriabin",Q185647,,,,
"Pietro Mascagni",Q181894,,,,
"Umberto Giordano",Q294826,,,,
"Henri Hirschmann",Q9287768,,,,
"André Messager",Q457645,,,,
"Jean Roger-Ducasse",Q649959,,,,
"Louis-Albert Bourgault-Ducoudra",Q1597407,,,,
"Benjamin Godard",Q817524,,,,
"Edward Elgar",Q179631,,,,
"Georges Marty",Q1509004,,,,
"Samuel Rousseau",Q382431,,,,
"André Gedalge",Q518773,,,,
"Raymond Pech",Q1758604,,,,
"Paul Joseph Guillaume Hillemacher",Q2060201,,,,
"Gabriel Dupont",Q1387086,,,,
"Paul Delmet",Q3371025,,,,
"Julien Tiersot",Q547630,,,,
"Jeanne Descaves",Q110537434,,,,
"George Aitken",Q19414356,,,,
"Henry Deutsch",Q1345595,,,,
"Henri Rabaud",Q503861,,,,
"Luigi Denza",Q261781,,,,
"Esteban Martí",Q112436346,,,,
"Alphonse Duvernoy",Q675249,,,,
"Édouard Mangin",Q47450820,,,,
"Jules Burdy",Q131830400,,,,
"Xavier Leroux",Q323589,,,,
"Alfred Bruneau",Q933351,,,,
"Marcel Samuel-Rousseau",Q432256,,,,
"Ethelbert Nevin",Q1271100,,,,
"Émile Köhler",Q117761021,,,,
"Victorin de Joncières",Q724933,,,,
"Henri Letocart",Q1357767,,,,
"Gustave Sandré",Q4407549,,,,
"Edmond Laurens",Q98907019,,,,
"Otto Victor Schiff",Q126974718,,,,
"Gaston Paulin",Q112730309,,,,
"Giacomo Puccini",Q7311,,,,
"Bernard Crocé-Spinelli",Q822364,,,,
"Léo d'Ageni",Q126974687,,,,
"Henry Guilhaud",Q126974674,,,,
"Edmond Arnaud",Q126959771,,,,
"Xavier Privas",Q3570774,,,,
"Julia Sureau-Bellet",Q126476981,,,,
"Ferdinand Beyer",Q66223,,,,
"Oscar de Lagoanère",Q20100873,,,,
"Suzanne Percheron",Q112440632,,,,
"William Chaumet",Q38228156,,,,
"Raoul Émile Blondel",Q15918265,,,,
"Jane Vieu",Q15434484,,,,
"Adolphe Deslandres",Q365723,,,,
"Eugène Anthiome",Q1373421,,,,
"Ernest Reyer",Q516937,,,,
"Edmond Missa",Q1285703,,,,
"Dezső Lederer",Q104437385,,,,
"Louis-Antoine Dubost",Q104183021,,,,
"Paul Wachs",Q3372396,,,,
"Charles de Sivry",Q28912501,,,,
"Louis Varney",Q445083,,,,
"Georges Hüe",Q358965,,,,
"Kerry Mills",Q1274305,,,,
"Edouard Lalo",Q224002,,,,
"Adolf von Henselt",Q362139,,,,
"Wilhelm Popp",Q324692,,,,
"Johann Baptist Cramer",Q455212,,,,
"Stephen Heller",Q710199,,,,
"Albert Dupuis",Q371992,,,,
"Carl Aal",Q126209050,,,,
"Franz Görner",Q126902744,,,,
"Frédéric Wachs",Q55837128,,,,
"Friedrich Ludwig",Q1270199,,,,
"Antoine Dechevrens",Q57093649,,,,
"Jean-Baptiste Thibaut",Q19946349,,,,
"Antonin Aulagnier",Q55836745,,,,
"Adrien Talexy",Q2536250,,,,
"Alexandre Scola",Q126896703,,,,
"Charles-Henri Plantade",Q2958126,,,,
"George Sawanoff",Q126896682,,,,
"Désiré-Moyse-Joseph Ikelmer",Q126896625,,,,
"Paul Henrion",Q2390789,,,,
"Eugène Delisle",Q131830361,,,,
"Alfred Lenbigre-Duquesne",Q126722766,,,,
"Eugène Talbot",Q18117908,,,,
"Emile Ettling",Q94826748,,,,
"Charles Delioux",Q85751566,,,,
"Elisa Bosch",Q110996848,,,,
"Charles Dufaur de Montfort",Q60333156,,,,
"Clara Pilet-Comettant",Q126722628,,,,
"Gustave de Revel",Q126722620,,,,
"Louis Pierre Deffès",Q1710731,,,,
"Henri Cramer",Q38226913,,,,
"Florine Mouvielle",Q126722520,,,,
"Marie Lassaveur",Q126722513,,,,
"Eugène Braulart",Q126722447,,,,
"Louis Bordèse",Q50019789,,,,
"Carlo d'Angelo",Q3659233,,,,
"Léopold Bourotte",Q126722362,,,,
"Léo Delibes",Q207951,,,,
"Ioan Ivanovici",Q375477,,,,
"Willibald Alexis",Q77312,,,,
"Louis-César Desormes",Q21029908,,,,
"Alix Fournier",Q991242,,,,
"Julius Schulhoff",Q688395,,,,
"Denis Granado",Q126722170,,,,
"Lucien-Léon Guillaume Lambert",Q1376249,,,,
"Adolf Jensen",Q362798,,,,
"Anton Urspruch",Q214805,,,,
"Francis Thomé",Q445852,,,,
"Cécile Chaminade",Q236438,,,,
"Johann Schrammel",Q875390,,,,
"Auguste Durand",Q2871185,,,,
"Reinhold Bartel",,,,,
"Theodor Michaelis",Q50161551,,,,
"Giuseppe Capitani di Vincenzo",Q55837713,,,,
"Various authors",Q2818964,,,,
"Eugène Ketterer",Q596160,,,,
"Louis Maes",Q6687738,,,,
"Gaston Knosp",Q55676518,,,,
"Carl Faust",Q15429359,,,,
"Jacques De Broeck",Q131830278,,,,
"Guido Persoons",Q131931037,,"scholar (owner)","Cecilian Movement",
"Guido Persoons",Q131931037,,"scholar (owner)","early music",
"Guido Persoons",Q131931037,,"scholar (owner)","organ music",
"Jef Alpaerts",Q42853483,,performer,"early music",
"Marcel Lejeune",Q131927258,,editor,"early music",
"Ferdinand-Fleurus Amyot",Q55346581,,publisher,"music education",
"Ferdinand-Fleurus Amyot",Q55346581,,publisher,"vocal pedagogy",
"Ercole Bernabei",Q467856,,composer,"early music",
"Ercole Bernabei",Q467856,,composer,"Cecilian Movement",
"Adrian Willaert",Q312615,,composer,"Cecilian Movement",
"Adrian Willaert",Q312615,,composer,"early music",
"Francesco Soriano",Q1376058,,composer,"early music",
"Francesco Soriano",Q1376058,,composer,"Cecilian Movement",
"Matteo Palotta",Q18648032,,composer,"Cecilian Movement",
"Matteo Palotta",Q18648032,,composer,"early music",
"Francesco Foggia",Q1441040,,composer,"early music",
"Francesco Foggia",Q1441040,,composer,"Cecilian Movement",
"Giovanni Giorgi",Q3230290,,composer,"Cecilian Movement",
"Giovanni Giorgi",Q3230290,,composer,"early music",
"Ivo de Vento",Q1675812,,composer,"early music",
"Ivo de Vento",Q1675812,,composer,"Cecilian Movement",
"Georg Prenner",Q5535787,,composer,"Cecilian Movement",
"Georg Prenner",Q5535787,,composer,"early music",
"Antonio Cifra",Q601590,,composer,"early music",
"Antonio Cifra",Q601590,,composer,"Cecilian Movement",
"Louis Oesterle",Q55838272,,editor,"early music",
"Theodor Leschetizky",Q362340,,editor,"early music",
"Beniamino Cesi",Q1619820,,editor,"early music",
"Amédée Méreaux",Q4749606,,editor,"early music",
"Michele Esposito",Q6836741,,editor,"early music",
"Giuseppe Buonamici",Q1528195,,editor,"early music",
"Daniel Rahter",Q55902864,,publisher,"early music",
"Louis Köhler",Q320601,,editor,"early music",
"Pasquale Pisari",Q11940412,,composer,"Cecilian Movement",
"Pasquale Pisari",Q11940412,,composer,"early music",
"Orazio Benevoli",Q1228351,human,composer,"early music",composer
"Orazio Benevoli",Q1228351,human,composer,"Cecilian Movement",composer
"Charles Bordes",Q1063780,,editor,"early music",
"Charles Bordes",Q1063780,,editor,"Cecilian Movement",
"Franz Espagne",Q20001764,,editor,"early music",
"Franz Espagne",Q20001764,,editor,"Cecilian Movement",
"Theodor de Witt",Q40529382,,,"early music",
"Theodor de Witt",Q40529382,,,"Cecilian Movement",
"Gregor Aichinger",Q633088,,,"Cecilian Movement",
"Gregor Aichinger",Q633088,,,"early music",
"Giacomo Antonio Perti",Q545451,,composer,"early music",
"Giacomo Antonio Perti",Q545451,,composer,"Cecilian Movement",
"Bartolomeo Cordans",Q3635361,,composer,"musical hoax",
"Bartolomeo Cordans",Q3635361,,composer,forgery,
"Bartolomeo Cordans",Q3635361,,composer,"Cecilian Movement",
"Bartolomeo Cordans",Q3635361,,composer,"early music",
"Orlande de Lassus",Q154792,,composer,"early music",composer
"Orlande de Lassus",Q154792,,composer,"early music",singer
"Orlande de Lassus",Q154792,,composer,"Cecilian Movement",composer
"Orlande de Lassus",Q154792,,composer,"Cecilian Movement",singer
"John IV of Portugal",,,composer,"early music",
"John IV of Portugal",,,composer,"Cecilian Movement",
"Jacobus Gallus",Q439813,,,"early music",
"Jacobus Gallus",Q439813,,,"Cecilian Movement",
"Jacquet de Berchem",,,composer,"early music",
"Jacquet de Berchem",,,composer,"Cecilian Movement",
"Claudio Casciolini",Q597243,,,"Cecilian Movement",
"Claudio Casciolini",Q597243,,,"early music",
"Giovanni Battista Casali",Q1525836,,composer,"Cecilian Movement",
"Giovanni Battista Casali",Q1525836,,composer,"early music",
"Felix Woyrsch",Q315824,,editor,"early music",
"Felix Woyrsch",Q315824,,editor,"Cecilian Movement",
"Pompeo Canniciari",Q131845088,,composer,"Cecilian Movement",
"Pompeo Canniciari",Q131845088,,composer,"early music",
"Pietro Heredia",Q55135788,,composer,"early music",
"Pietro Heredia",Q55135788,,composer,"Cecilian Movement",
"George Clement Martin",Q5537967,,editor,"Cecilian Movement",
"George Clement Martin",Q5537967,,editor,"early music",
"Giuseppe Antonio Bernabei",Q832353,,composer,"Cecilian Movement",
"Giuseppe Antonio Bernabei",Q832353,,composer,"early music",
"Giovanni Maria Casini",Q28971596,,composer,"Cecilian Movement",
"Giovanni Maria Casini",Q28971596,,composer,"early music",
"Hermann Bäuerle",Q61479771,human,editor,"early music",
"Hermann Bäuerle",Q61479771,human,editor,"Cecilian Movement",
"Musikverlag August Cranz",Q123668045,"music publishing company",publisher,"early music",
"Musikverlag August Cranz",Q123668045,"music publishing company",publisher,"Cecilian Movement",
"François Joseph Gossec",Q313667,,composer,"early music",
"Jean Jacques Rousseau",Q6527,,composer,"early music",
"Jean-Joseph Mouret",Q960766,,composer,"early music",
"André Cardinal Destouches",Q517636,,composer,"early music",
"Michel Pignolet de Montéclair",Q487175,,composer,"early music",
"Henri Desmarets",Q1345283,,composer,"early music",
"Jean-Féry Rebel",Q954589,,composer,"early music",
"Michel Richard Delalande",Q312979,,composer,"early music",
"Augener & Co.",Q20311223,"music publishing company",publisher,"early music",
"Thomas Arne",Q309709,,composer,"early music",
"Henry Purcell",Q9695,,composer,"early music",
"John Blow",Q311110,,composer,"early music",
"John Bull",Q511463,,composer,"early music",
"William Byrd",Q208375,,composer,"early music",
"Anna Lankow",Q94750319,,composer,"vocal pedagogy",
"Luigi Abbiate",Q548597,human,composer,"music education",
"Luigi Abbiate",Q548597,human,composer,"cello music",
"Ernst Pauer",Q79183,human,editor,"early music",
"Ernst Pauer",Q79183,human,editor,arrangement,
"André Campra",Q313860,human,composer,"early music",composer
"Jean-Baptiste Weckerlin",Q934876,human,editor,"early music",composer
"Adolf Bernhard Marx",Q360945,human,composer,"vocal pedagogy",musicologist
"Adolf Bernhard Marx",Q360945,human,composer,"vocal pedagogy",composer
"Nellie Melba",Q237607,human,composer,"vocal pedagogy","opera singer"
"Nellie Melba",Q237607,human,composer,"vocal pedagogy","music teacher"
"Ennio Porrino",Q3725498,human,editor,"guitar music",
"Werner Janssen",Q3567322,human,conductor,,conductor
"Francesco Lamperti",Q376597,human,composer,"vocal pedagogy","music teacher"
"Francesco Lamperti",Q376597,human,composer,"vocal pedagogy",singer
"Josef Rheinberger",Q365555,human,composer,"organ music",composer
"Josef Rheinberger",Q365555,human,composer,"organ music",organist
"Robert Allen Spencer",Q98907712,human,performer,"early music",lutenist
"Constant Pierre",Q15429588,human,editor,"music education","music teacher"
"Constant Pierre",Q15429588,human,editor,"music education",musicologist
"Orlando Gibbons",Q311913,human,composer,"early music",composer
"Orlando Gibbons",Q311913,human,composer,"early music",organist
"Alphonse Leduc",Q50333026,human,publisher,arrangement,"music publisher"
"Alphonse Leduc",Q50333026,human,publisher,arrangement,musician
"Alphonse Leduc",Q50333026,human,publisher,arrangement,composer
"Alphonse Leduc",Q50333026,human,publisher,"salon music","music publisher"
"Alphonse Leduc",Q50333026,human,publisher,"salon music",musician
"Alphonse Leduc",Q50333026,human,publisher,"salon music",composer
"Alphonse Leduc",Q50333026,"music publishing company",publisher,arrangement,"music publisher"
"Alphonse Leduc",Q50333026,"music publishing company",publisher,arrangement,musician
"Alphonse Leduc",Q50333026,"music publishing company",publisher,arrangement,composer
"Alphonse Leduc",Q50333026,"music publishing company",publisher,"salon music","music publisher"
"Alphonse Leduc",Q50333026,"music publishing company",publisher,"salon music",musician
"Alphonse Leduc",Q50333026,"music publishing company",publisher,"salon music",composer
"Charles-Wilfrid de Bériot",Q1995861,human,composer,"salon music",composer
"Charles-Wilfrid de Bériot",Q1995861,human,composer,"salon music",pianist
"Charles-Wilfrid de Bériot",Q1995861,human,composer,arrangement,composer
"Charles-Wilfrid de Bériot",Q1995861,human,composer,arrangement,pianist
"Emil von Sauer",Q447133,human,editor,"early music","music teacher"
"Emil von Sauer",Q447133,human,editor,"early music",composer
"Emil von Sauer",Q447133,human,editor,"early music",pianist
"Edward Gailliard",Q2360914,human,publisher,,"music publisher"
"Edward Gailliard",Q2360914,"music publishing company",publisher,,"music publisher"
"Eugeen van Oye",Q2546317,human,librettist,,poet
"Moritz Hauptmann",Q60908,human,composer,,"music teacher"
"Moritz Hauptmann",Q60908,human,composer,,composer
"Anton Rubinstein",Q87567,human,editor,"musical technique",pianist
"Anton Rubinstein",Q87567,human,editor,"musical technique",composer
"Anton Rubinstein",Q87567,human,editor,"music education",pianist
"Anton Rubinstein",Q87567,human,editor,"music education",composer
"Joseph Callaerts",Q2327733,human,composer,,composer
"Joseph Callaerts",Q2327733,human,composer,,organist
"Marcel Dupré",Q315879,human,composer,arrangement,organist
"Marcel Dupré",Q315879,human,composer,arrangement,composer
"Marcel Dupré",Q315879,human,composer,"early music",organist
"Marcel Dupré",Q315879,human,composer,"early music",composer
"Pablo de Sarasate",Q204503,human,composer,,composer
"Pablo de Sarasate",Q204503,human,composer,,violinist
"Oreste Ravanello",Q1334624,,editor,"early music",composer
"Oreste Ravanello",Q1334624,,editor,"early music","music editor"
"Frank Damrosch",Q962237,human,editor,"early music",composer
"Frank Damrosch",Q962237,human,editor,"early music","music teacher"
"Frank Damrosch",Q962237,human,editor,"early music","music editor"
"Archibald Thompson Davison",Q633492,human,editor,"early music",conductor
"Archibald Thompson Davison",Q633492,human,editor,"early music",editor
"Lodewijk Ontrop",Q115493908,human,composer,,conductor
"Lodewijk Ontrop",Q115493908,human,composer,,composer
"Lord Byron",Q5679,human,librettist,,poet
"Nikolai Rimsky-Korsakov",Q93227,human,composer,arrangement,composer
"Nikolai Rimsky-Korsakov",Q93227,human,composer,arrangement,"music arranger"
"Nikolai Rimsky-Korsakov",Q93227,human,composer,arrangement,"music teacher"
"Vasily Bessel",Q4085791,human,publisher,,"music publisher"
"Vasily Bessel",Q4085791,"music publishing company",publisher,,"music publisher"
"Modest Petrovich Mussorgsky",Q132682,human,composer,,composer
"Gustav Holst",Q200867,human,composer,,composer
"Friedrich Gernsheim",Q213751,human,composer,"early music",composer
"Friedrich Gernsheim",Q213751,human,composer,"early music",conductor
"Friedrich Gernsheim",Q213751,human,composer,"early music","music teacher"
"Friedrich Gernsheim",Q213751,human,composer,"Cecilian Movement",composer
"Friedrich Gernsheim",Q213751,human,composer,"Cecilian Movement",conductor
"Friedrich Gernsheim",Q213751,human,composer,"Cecilian Movement","music teacher"
"Friedrich Gernsheim",Q213751,human,composer,"period composition",composer
"Friedrich Gernsheim",Q213751,human,composer,"period composition",conductor
"Friedrich Gernsheim",Q213751,human,composer,"period composition","music teacher"
"Giulio Briccialdi",Q930527,human,composer,arrangement,composer
"Giulio Briccialdi",Q930527,human,composer,arrangement,"music arranger"
"Giulio Briccialdi",Q930527,human,composer,arrangement,flautist
"Giulio Briccialdi",Q930527,human,composer,"salon music",composer
"Giulio Briccialdi",Q930527,human,composer,"salon music","music arranger"
"Giulio Briccialdi",Q930527,human,composer,"salon music",flautist
"Friedrich von Flotow",Q155425,human,composer,"early music",composer
"Jan Hendrik Paling",Q107620913,human,publisher,"salon music","music publisher"
"Jan Hendrik Paling",Q107620913,human,publisher,"salon music","piano maker"
"Jan Hendrik Paling",Q107620913,human,publisher,arrangement,"music publisher"
"Jan Hendrik Paling",Q107620913,human,publisher,arrangement,"piano maker"
"Jan Hendrik Paling",Q107620913,"music publishing company",publisher,"salon music","music publisher"
"Jan Hendrik Paling",Q107620913,"music publishing company",publisher,"salon music","piano maker"
"Jan Hendrik Paling",Q107620913,"music publishing company",publisher,arrangement,"music publisher"
"Jan Hendrik Paling",Q107620913,"music publishing company",publisher,arrangement,"piano maker"
"William Shakespeare",Q692,human,librettist,,poet
"William Shakespeare",Q692,human,librettist,,writer
"William Shakespeare",Q692,human,librettist,,librettist
"Wilhelm Rust",Q455388,human,editor,"early music",composer
"Wilhelm Rust",Q455388,human,editor,"early music",musicologist
"Wilhelm Rust",Q455388,human,editor,"early music","music editor"
"Andreas Moser",Q3616171,human,editor,"early music",violinist
"Andreas Moser",Q3616171,human,editor,"early music",musicologist
"Gustav Schreck",Q69676,human,editor,,composer
"Gustav Schreck",Q69676,human,editor,,"music teacher"
"Gustav Schreck",Q69676,human,editor,,"choir director"
"Hugo Becker",Q653591,human,editor,,composer
"Hugo Becker",Q653591,human,editor,,cellist
"Charles Labro",Q125415270,human,composer,,composer
"Hélène Dinsart",Q122730731,human,conductor,,pianist
"Hélène Dinsart",Q122730731,human,conductor,,conductor
"Hélène Dinsart",Q122730731,human,performer,,pianist
"Hélène Dinsart",Q122730731,human,performer,,conductor
"August De Boeck",Q705971,human,composer,medievalism,composer
"Otto Goldschmidt",Q320046,human,editor,"early music",musicologist
"Otto Goldschmidt",Q320046,human,editor,"early music",composer
"Otto Goldschmidt",Q320046,human,editor,"early music",pianist
"Armand Machabey",Q2861912,human,editor,,musicologist
"Edmond Audran",Q952983,human,composer,,composer
"Pyotr Ilyich Tchaikovsky",Q7315,human,composer,,composer
"Edgard Tinel",Q377071,human,composer,,composer
"Edgard Tinel",Q377071,human,composer,,pianist
"César Franck",Q50187,human,composer,,composer
"Berthold Tours",Q2793621,human,composer,,composer
"Alfred Lefébure-Wély",Q546919,human,,,composer
"Alfred Lefébure-Wély",Q546919,human,,,"music arranger"
"Alfred Lefébure-Wély",Q546919,human,,,organist
"Joseph Hollman",Q1406368,human,composer,,composer
"Joseph Hollman",Q1406368,human,composer,,cellist
"Gabriel Pierné",Q433749,human,composer,,
"Alfred Moffat",Q4722617,human,composer,,composer
"Julius Klengel",Q77222,human,composer,,composer
"David Popper",Q354927,human,composer,,composer
"David Popper",Q354927,human,composer,,cellist
"Gustav Mahler",Q7304,human,composer,,conductor
"Gustav Mahler",Q7304,human,composer,,composer
"Max Bruch",Q106434,human,composer,,composer
"Max Bruch",Q106434,human,composer,,conductor
"Karl Davydov",Q708593,human,composer,,composer
"Gabriel Fauré",Q104919,human,composer,,composer
"Jean Gabriel Marie",Q2301740,human,composer,,composer
"Jean Gabriel Marie",Q2301740,human,composer,,conductor
"César Cui",Q208546,human,composer,,composer
"Jules Massenet",Q194436,human,composer,,composer
"Paul Verlaine",Q755,human,librettist,,poet
"Paul Verlaine",Q755,human,librettist,,writer
"Hermann Unger",Q20002835,human,composer,,composer
"Thomas Dunhill",Q706498,human,editor,,composer
"Jeanne Dalliès",Q124634760,human,editor,,harpist
"Jeanne Dalliès",Q124634760,human,editor,,musicologist
"Jean Absil",Q364121,human,composer,,"music teacher"
"Jean Absil",Q364121,human,composer,,composer
"Guido Gezelle",Q336977,human,librettist,,poet
"Guido Gezelle",Q336977,human,librettist,,writer
"Paul Gilson",Q958774,,,,
"Emile von Brucken Fock",Q40854046,,,,
"Ernest Gillet",Q288581,,,,
"August Verbesselt",Q110083546,,,,
"Friedrich Chrysander",Q65274,,,,
"Jean-Baptiste-Joseph Tolbecque",Q15407271,,,,
"Johann Sebastian Bach",Q1339,,,,
"Pierre-Louis Dietsch",Q361734,,,,
"Edmund Fellowes",Q3719471,,,,
"Nicola Vaccai",Q1353016,,,,
"Adolf Duclos",Q2524668,,,,
"Amédée Gastoué",Q482177,,,,
"Philippe de Monte",Q277029,,,,
"Lodewijk Mortelmans",Q358623,,,,
"Giordano Bruno",Q36330,,,,
"Luciano Berio",Q221450,,,,
"Frans Brüggen",Q711810,,,,
"Elisabeth Chojnacka",Q2574241,,,,
"Robert Thurston Dart",Q963003,,,,
"Anton Diabelli",Q160061,,,,
"Dmitri Shostakovich",Q80135,,,,
"Johannes Brahms",Q7294,,,,
"Felix Mottl",Q694070,,,,
"Carl David Stegmann",Q5040022,,,,
"Charles Renaud de Vilbac",Q1065884,,,,
"Charles Gounod",Q180278,,,,
"Alexandre-Étienne Choron",Q1392901,,,,
"Louis-Barthélémy Pradher",Q1871385,,,,
"Ernst Pepping",Q453127,,,,
"Conrad Beck",Q671783,,,,
"Arthur Honegger",Q123164,,,,
"Harriet Cohen",Q459872,,,,
"Andrés Segovia Torres",Q192529,,,,
"Emilio Pujol",Q957563,,,,
"Ernest Ansermet",Q123603,,,,
"Leopold Stokowski",Q297562,,,,
"Edgard Varèse",Q57247,,,,
"Walter Piston",Q711052,,,,
"Fritz Kreisler",Q78517,,,,
"Lorenzo Perosi",Q590512,,,,
"Paul Hindemith",Q57244,,,,
"Alfredo Casella",Q337343,,,,
"Gian Francesco Malipiero",Q318968,,,,
"Paul Dukas",Q215556,,,,
"Claude Debussy",Q4700,,,,
"Manuel de Falla",Q193283,,,,
"Florent Schmitt",Q321630,,,,
"Vittorio Rieti",Q3561375,,,,
"Lou Harrison",Q590911,,,,
"Hugo Distler",Q702366,,,,
"Darius Milhaud",Q186264,,,,
"Wolfgang Fortner",Q694204,,,,
"Bohuslav Martinů",Q223258,,,,
"Emile Pessard",Q286316,human,composer,arrangement,composer
"Emile Pessard",Q286316,human,composer,"harmony orchestra",composer
"Emile Pessard",Q286316,human,composer,opera,composer
"Giovanni Tadolini",Q5563995,,,,
"Jean Ancot junior",Q26239749,,,,
"Charles Baudiot",Q2958497,,,,
"Charles-Édouard Lefebvre",Q1065318,,,,
"François-René Gebauer",Q96558,,,,
"Charles Lebouc",Q1065302,,,,
"Pierre Baillot",Q512197,,,,
"Pierre-Louis Hus-Desforges",Q3383281,,,,
"Georges Antoine",Q3102191,,,,
"Hans Bischoff",Q5649829,,,,
"Hector Berlioz",Q1151,,,,
"Richard Wagner",Q1511,,,,
"Edvard Grieg",Q80621,,,,
"Peter Benoit",Q733063,,,,
"Franz Liszt",Q41309,,,,
"Flor Peeters",Q715137,,,,
"Émile Travers",Q34628928,,,,
"Ottorino Respighi",Q243837,,,,
"Camille Saint-Saëns",Q150445,,,,
"Jean-Philippe Rameau",Q1145,,,,
"Théodore Dubois",Q259121,human,publisher,arrangement,"music publisher"
"Théodore Dubois",Q259121,human,publisher,"salon music","music publisher"
"Théodore Dubois",Q259121,"music publishing company",publisher,arrangement,"music publisher"
"Théodore Dubois",Q259121,"music publishing company",publisher,"salon music","music publisher"
"Blanche Selva",Q2906016,human,,,
"Friedrich Grützmacher",Q66891,,,,
"Robert Hausmann",Q304843,,,,
"Mathieu Crickboom",Q1908638,,composer,"early music",violinist
"Mathieu Crickboom",Q1908638,,composer,"early music",composer
"Max Seiffert",Q74307,,,,
"Isidor Philipp",Q707752,,,,
"Béla Bartók",Q83326,,,,
"Vincent d'Indy",Q313584,,,,
"Max Reger",Q57139,,,,
"Hugo Riemann",Q213539,,,,
"Orlando Morgan",Q7103140,,,,
"Karl Heinrich Barth",Q64926,,,,
"Hans von Bülow",Q155540,,editor,"early music",composer
"Hans von Bülow",Q155540,,editor,"early music","music arranger"
"Hans von Bülow",Q155540,,editor,"early music","music editor"
"Marinus de Jong",Q1633971,,,"period composition",
"Marinus de Jong",Q1633971,,,"early music",
"Marinus de Jong",Q1633971,,,"Cecilian Movement",
"Wanda Landowska",Q160257,human,,,
"Jean-Benjamin de La Borde",Q932694,,,,
"Friedrich Conrad Griepenkerl",Q1460491,,,,
"Egon Petri",Q728822,,,,
"Ferruccio Busoni",Q219551,,,,
"Carl Czerny",Q215333,,,,
"Adrien-François Servais",Q376633,,,,
"François Bernier",Q375438,,,,
"Jean Rémusat",Q12319158,,,,
"Jean-Baptiste Arban",Q542616,,,,
"Jules Demersseman",Q721362,,,,
"Frédéric Chopin",Q1268,,,,
"Jacques-Nicolas Lemmens",Q712718,,,,
"Robert Schumann",Q7351,,,,
"Jean-Paul-Égide Martini",Q696034,,,,
"Ambroise Thomas",Q297717,,,,
"Franz Schubert",Q7312,,,,
"Henri Vieuxtemps",Q312790,,,,
"Stanislas Verroust",Q3496711,,,,
"Xavier Boisselot",Q281231,,,,
"François-Auguste Gevaert",Q682376,,,,
"Daniel François Esprit Auber",Q157672,,,,
"Ferdinand Hérold",Q362639,,,,
"Henri Montan Berton",Q1605961,,,,
"Friedrich Schneider",Q213906,,,,
"Ignaz Moscheles",Q159551,,,,
"Christoph Willibald von Gluck",Q130759,,,,
"Émile Prudent",Q286377,,,,
"François Adrien Boieldieu",Q109875,,,,
"Adolphe Adam",Q189544,,,,
"Carl Maria von Weber",Q154812,,,,
"Michele Carafa",Q497494,,,,
"Fromental Halévy",Q313917,,composer,arrangement,composer
"Anton Reicha",Q311387,,,,
"Jacques François Gallay",Q1677973,,,,
"Felix Mendelssohn",Q46096,,,,
"Friedrich Berr",Q4085161,,,,
"Luigi Cherubini",Q20721,,,,
"Carl Gottlieb Reissiger",Q213894,,,,
"Gaspare Spontini",Q168485,,,,
"Antoine Louis Clapisson",Q1871594,,,,
"Auguste Franchomme",Q517132,,,,
"Benoît Tranquille Berbiguier",Q447432,,,,
"Wolfgang Amadeus Mozart",Q254,,,,
"Gaetano Donizetti",Q101698,,composer,"music of Venice",
"Franz Lachner",Q713451,,,,
"Charles-Simon Catel",Q661501,,,,
"Franz Hünten",Q3083115,,,,
"Johann Nepomuk Hummel",Q151953,,,,
"Gioachino Rossini",Q9726,,,,
"Auguste Panseron",Q713985,,,,
"Charles Auguste de Bériot",Q385217,,,,
"Henri Herz",Q572547,,,,
"Friedrich Kalkbrenner",Q170270,,,,
"Rodolphe Kreutzer",Q336692,,,,
"Jean-Louis Tulou",Q1685004,,,,
"Nicolas-Charles Bochsa",Q251397,,,,
"Giuseppe Tartini",Q108555,,,,
"Domenico Cimarosa",Q191775,,,,
"Antonio Vivaldi",Q1340,,,,
"Ludovico Antonio Muratori",Q471529,,,,
"Henri Casadesus",Q1197441,,,,
"Theodor W. Adorno",Q152388,,,,
"Charles Burney",Q547002,,,,
"Wilbert Hazelzet",Q2570131,,,,
"Gustav Leonhardt",Q51584,,,,
"Sigiswald Kuijken",Q506771,,,,
"James Turle",Q6144471,,,,
"Umberto Eco",Q12807,,,,
"Ton Koopman",Q445121,,,,
"R. G. Collingwood",Q317075,,,,
"Paul Otlet",Q1868,,,,
"Nikolaus Harnoncourt",Q78526,,,,
"Giovanni Tebaldini",Q955956,,,,
"Fausto Torrefranca",Q3740416,,,,
"Arnold Dolmetsch",Q194638,,,,
"Alfred Wotquenne",Q705885,,,,
"Alexandre Guilmant",Q350359,,,,
"George Frideric Handel",Q7302,,,,
"Jacques-Jules Bouffil",Q6120326,,,,
"Martin-Joseph Mengal",Q930965,,,,
"Hanno Blaszke",Q104496,human,"scholar (owner)","early music",
"Enrico Caruso",Q170726,,performer,"vocal pedagogy",
"Salvatore Marchesi",Q3946123,human,composer,"vocal pedagogy","opera singer"
"Salvatore Marchesi",Q3946123,human,composer,"vocal pedagogy","music teacher"
"Isaac Nathan",Q6076851,human,,"vocal pedagogy",composer
"Jean-Baptiste Lully",Q1192,human,composer,"early music",composer
"Louis XIII of France",Q737533,human,composer,"early music",composer
"Henry IV of France",Q936976,human,composer,"early music",composer
"Mary Stuart, Queen of Scots",Q131412,human,composer,"early music",
"Clément Janequin",Q71526,human,composer,"early music",
"Theobald I of Navarre",Q314562,human,composer,"early music",poet
"Theobald I of Navarre",Q314562,human,composer,"early music",composer
"Adam de la Halle",Q4214,human,composer,"early music",composer
"Adam de la Halle",Q4214,human,composer,"early music",poet
"Friedrich Wilhelm Arnold",Q30045574,"music publishing company",publisher,"vocal pedagogy",
"Manuel García",Q704645,human,composer,"vocal pedagogy","opera singer"
"Manuel García",Q704645,human,composer,"vocal pedagogy","music teacher"
"Franz Kullak",Q882091,human,editor,reduction,composer
"Franz Kullak",Q882091,human,editor,reduction,pianist
"Franz Kullak",Q882091,human,editor,reduction,"music arranger"
"Franz Kullak",Q882091,human,editor,arrangement,composer
"Franz Kullak",Q882091,human,editor,arrangement,pianist
"Franz Kullak",Q882091,human,editor,arrangement,"music arranger"
"Albert Bernhard Bach",Q130418583,human,composer,"vocal pedagogy","music teacher"
"Albert Bernhard Bach",Q130418583,human,composer,"vocal pedagogy",singer
"Maria Anfossi",Q130418526,human,composer,"vocal pedagogy","music teacher"
"Maria Anfossi",Q130418526,human,composer,"vocal pedagogy",singer
"Maria Anfossi",Q130418526,human,publisher,"vocal pedagogy","music teacher"
"Maria Anfossi",Q130418526,human,publisher,"vocal pedagogy",singer
"Hans Sikorski",Q55846674,human,publisher,,"music publisher"
"Hans Sikorski",Q55846674,"music publishing company",publisher,,"music publisher"
"José Melchor Gomis",Q21849613,human,composer,"vocal pedagogy",composer
"Enrico Delle Sedie",Q3725732,human,composer,"vocal pedagogy","opera singer"
"Enrico Delle Sedie",Q3725732,human,composer,"vocal pedagogy","music teacher"
"August Wilhelmj",Q69376,human,editor,arrangement,violinist
"August Wilhelmj",Q69376,human,editor,arrangement,"music arranger"
"August Wilhelmj",Q69376,human,composer,arrangement,violinist
"August Wilhelmj",Q69376,human,composer,arrangement,"music arranger"
"Carlo Gesualdo",Q192958,human,composer,"early music",composer
"Carlo Gesualdo",Q192958,human,composer,madrigal,composer
"Thomas Tallis",Q207789,human,composer,"early music",composer
"Giacomo Carissimi",Q312686,human,,"early music",composer
"Giacomo Carissimi",Q312686,human,,"church cantata",composer
"Maurice Schlesinger",Q70457,human,publisher,"early music","music publisher"
"Maurice Schlesinger",Q70457,"music publishing company",publisher,"early music","music publisher"
"Marius van 't Kruijs",Q2238279,human,editor,"early music",composer
"Marius van 't Kruijs",Q2238279,human,editor,"early music",organist
"Alessandro Longo",Q1934977,human,editor,"early music",composer
"Alessandro Longo",Q1934977,human,editor,"early music","music arranger"
"Francine Lepage",Q127268992,human,"scholar (owner)",,singer
"Francine Lepage",Q127268992,human,performer,,singer
"Boris de Schlözer",Q373117,human,composer,"early music",musicologist
"Boris de Schlözer",Q373117,human,composer,"early music",translator
"Jérôme-Joseph de Momigny",Q709131,human,publisher,,composer
"Jérôme-Joseph de Momigny",Q709131,human,publisher,,"music publisher"
"Jérôme-Joseph de Momigny",Q709131,"music publishing company",publisher,,composer
"Jérôme-Joseph de Momigny",Q709131,"music publishing company",publisher,,"music publisher"
"Mikhail Glinka",Q181885,human,composer,,composer
"Carl Merseburger",Q55676405,human,publisher,"early music",musicologist
"Carl Merseburger",Q55676405,human,publisher,"early music","music publisher"
"August Neithardt",Q216391,human,editor,"early music",composer
"Francisco Guerrero",Q470568,human,composer,"early music",composer
"Jacobus de Kerle",Q1350877,human,composer,"early music",composer
"Cristóbal de Morales",Q360184,human,composer,"early music",composer
"Vincenzo Ruffo",Q1494084,human,composer,"early music",composer
"Heinrich Schütz",Q153643,human,composer,"early music",composer
"Heinrich Schütz",Q153643,human,composer,"early music",chapelmaster
"Jacob Clemens non Papa",Q438090,human,composer,"early music",composer
"Jacob Clemens non Papa",Q438090,human,composer,"early music",chapelmaster
"Henry de Puymaly",Q122581609,human,librettist,,librettist
"Friedrich Burgmüller",Q62075,human,composer,,composer
"Friedrich Burgmüller",Q62075,human,composer,,pianist
"Friedrich Burgmüller",Q62075,human,composer,,"music teacher"
"Jozef Van der Meulen",Q2791884,human,,,composer
"Jozef Van der Meulen",Q2791884,human,,,conductor
"Jozef Van der Meulen",Q2791884,human,,,musicologist
"Daniel Sternefeld",Q2309432,human,,,composer
"Joannes Reddingius",Q2699392,human,librettist,,poet
"Tobias Haslinger",Q2437818,human,publisher,arrangement,composer
"Tobias Haslinger",Q2437818,human,publisher,arrangement,"music publisher"
"Tobias Haslinger",Q2437818,human,publisher,"salon music",composer
"Tobias Haslinger",Q2437818,human,publisher,"salon music","music publisher"
"Tobias Haslinger",Q2437818,"music publishing company",publisher,arrangement,composer
"Tobias Haslinger",Q2437818,"music publishing company",publisher,arrangement,"music publisher"
"Tobias Haslinger",Q2437818,"music publishing company",publisher,"salon music",composer
"Tobias Haslinger",Q2437818,"music publishing company",publisher,"salon music","music publisher"
"Maurice Abravanel",Q214989,human,conductor,,conductor
"Henry-George d'Hoedt",Q2489860,human,composer,,composer
"Emmanuel Durlet",Q1338219,human,composer,,composer
"Emmanuel Durlet",Q1338219,human,composer,,pianist
"Emmanuel Durlet",Q1338219,human,composer,,"music teacher"
"Léon Grus",Q94809197,human,composer,,composer
"Léon Grus",Q94809197,human,composer,,"music publisher"
"Léon Grus",Q94809197,human,publisher,,composer
"Léon Grus",Q94809197,human,publisher,,"music publisher"
"Giovanni Carlo Maria Clari",Q1250827,human,,"early music",composer
"Jules Van Nuffel",Q329443,human,editor,"early music",musicologist
"Jules Van Nuffel",Q329443,human,editor,"early music",cleric
"Jules Van Nuffel",Q329443,human,editor,"early music","Catholic priest"
"Jules Van Nuffel",Q329443,human,editor,"early music",composer
"Jules Van Nuffel",Q329443,human,editor,"Cecilian Movement",musicologist
"Jules Van Nuffel",Q329443,human,editor,"Cecilian Movement",cleric
"Jules Van Nuffel",Q329443,human,editor,"Cecilian Movement","Catholic priest"
"Jules Van Nuffel",Q329443,human,editor,"Cecilian Movement",composer
"Georges Lonque",Q3103111,human,,,composer
"Georges Lonque",Q3103111,human,,,conductor
"Georges Lonque",Q3103111,human,,,musicologist
"Jean Rogister",Q598693,human,composer,,composer
"Jean Rogister",Q598693,human,composer,,violinist
"Jean Rogister",Q598693,human,composer,,"horn player"
"Jean Rogister",Q598693,human,composer,,violist
"Raymond Chevreuille",Q1585323,,,,
"Ludovic Bouserez",Q122454991,human,composer,,composer
"Jef Van Hoof",Q644738,human,composer,,composer
"Frédéric Bonzon",Q122305005,,composer,,
"Hendrik Waelput",Q2453577,,,,
"Alexander Stadfeld",Q124540833,,,,
"Gottfried Mann",Q2081404,,,,
"Eduard de Hartog",Q21001257,,,,
"Eugène Hutoy",Q124540800,,,,
"Édouard Trémisot",Q98243863,,,,
"Albert Grisar",Q2003880,,,,
"Jules-Joseph Godefroid",Q20004900,,,,
"Louis Kéfer",Q4219867,,,,
"Théo Charlier",Q60056037,,,,
"Henry Mathias Balthasar-Florence",Q26719556,,,,
"Gustave Michiels",Q18414262,human,,,
"Eugène Troupenas",Q55875031,,,,
"François Couperin",Q50186,,,,
"Benedetto Marcello",Q312784,,,,
"Alessandro Stradella",Q314765,,,,
"C. F. Kahnt",Q123115294,"music publishing company",,,
"C. F. Kahnt",Q123115294,human,,,
"Giovanni Briccio",Q3766896,,,,
"Giovanni Croce",Q920564,,,,
"Luca Marenzio",Q316532,,,,
"Andrea Gabrieli",Q217317,,,,
Hafez,Q6240,,,,
"Alphonse Antoine Neufcour",Q124349815,,,,
"Xavier de Courville",Q18578082,,,,
"Francesco Masini",Q11043714,,,,
"Pierre-Alexandre Monsigny",Q705124,,,,
"Jacques Georges Cousineau",Q52149384,,,,
"Kaspar Fürstenau",Q124340161,,,,
"Pietro Alfieri",Q3388075,,,,
"Fortunato Santini",Q1439095,,,,
"Domenico Scarlatti",Q167837,,,,
"Tomás Luis de Victoria",Q215128,,,,
"Francesco Antonio Calegari",Q5479173,,,,
"Jacques Arcadelt",Q316402,,,,
"Giammateo Asola",Q711758,,,,
"Johann Matthias Heberle",Q55674575,,,,
"Gregorio Allegri",Q216695,,,,
"Giovanni Gabrieli",Q34624,,,,
"Antonio Pacini",Q11906046,,,,
"Ferdinando Bertoni",Q1384693,,,,
"Peter Winter",Q561047,,,,
"Felice Blangini",Q3742112,human,,,
"Henry Litolff",Q383853,,,,
"Joseph Dominique Fabry-Garat",Q3184861,,,,
"Bernard Viguerie",Q13080819,,,,
"Alessandro Felici",Q20754570,,,,
"Giuseppe Cambini",Q656230,,,,
"Nicolas Dalayrac",Q952520,,,,
"Leopoldine Blahetka",Q451836,,,,
"Leopold Jansa",Q695079,human,composer,arrangement,"music arranger"
"Leopold Jansa",Q695079,human,composer,arrangement,composer
"Leopold Jansa",Q695079,human,composer,"salon music","music arranger"
"Leopold Jansa",Q695079,human,composer,"salon music",composer
"Eugène Walckiers",Q1373597,,,,
"Flor Alpaerts",Q1429239,,,,
"Loïsa Puget",Q3264560,,,,
"Paul Hippolyte Camus",Q99540714,,,,
"Johann Strauss I",Q184178,,,,
"Pierre Aelberts",Q16010069,,,,
"Guillaume de Machaut",Q200580,,,,
"Heinrich Ehrlich",Q96452,,,,
"Margaret Cavendish, Duchess of Newcastle-upon-Tyne",Q242640,,,,
"Michael Vetter",Q6835092,,,,
"Edward Francis Rimbault",Q2565796,,,,
"Jan Ladislav Dussek",Q357172,,,,
"Jean-Frédéric Edelmann",Q1684863,,,,
"Franz Xaver Haberl",Q66955,,,,
"Franz Xaver Witt",Q95918,,,,
"Karl Proske",Q75028,,,,
"Igor Stravinsky",Q7314,,,,
"Hans Leo Hassler",Q164882,,,,
"Robert Franz",Q561967,,,,
"Hans Georg Nägeli",Q672548,,,,
"Franz Alexander Pössinger",Q1670678,,,,
"Carl Friedrich Ebers",Q16191518,,,,
"Giovanni Paisiello",Q202303,,,,
"Niccolò Jommelli",Q312891,,,,
"Claudio Monteverdi",Q53068,,composer,"early music",
"Giovanni Pierluigi da Palestrina",Q179277,,,,
"Thomas Haigh",Q7790336,,,,
"Willy Burkhard",Q370938,,,,
"Tobia Nicotra",Q113548812,,,,
"Maurice Ravel",Q1178,,,,
"Daniel Steibelt",Q657464,,,,
"André Grétry",Q210962,,,,
"Joseph Küffner",Q106000,,,,
"Martin Lunssens",Q4269539,,,,
"Hyacinthe Jadin",Q1639751,,,,
"Philip Musard",Q715299,,,,
"Anton Bernhard Fürstenau",Q68254,,,,
"Frank Van der Stucken",Q1444369,,composer,,
"Ernst Ferand",Q5394981,,,,
"William Barclay Squire",Q4422652,,,,
"Girolamo Frescobaldi",Q209212,,,,
"Felice Boghen",Q55225713,,,,
"Biagio Marini",Q369787,,,,
"Richard Hofmann",Q314825,,,,
"Hugo Ulrich",Q16650525,,,,
"Antonio Tirabassi",Q3620265,,,,
"Angelo Consolini",Q26222250,,,,
"Carl Tausig",Q636941,,,,
"François de Châteauneuf",Q3086148,,,,
"Bruno Mugellini",Q3645853,,,,
"Georg Goltermann",Q76104,,,,
"Arcangelo Corelli",Q164475,,,,
"Joseph Edgar Boehm",Q85180,,,,
"Josquin des Prez",Q143100,,composer,"early music",
"Friedrich Dotzauer",Q84376,,,,
"Iwan Müller",Q67473,,,,
"Henri Brod",Q683454,,,,
"Louis Niedermeyer",Q304620,,,,
"Sigismond Thalberg",Q347871,,,,
"Giuseppe Verdi",Q7317,,,,
"Heinrich Christoph Koch",Q87294,,,,
"Charles-Louis-Joseph Hanssens",Q2958190,,,,
"Giovanni Pacini",Q357022,,,,
"Antoine Guillot de Sainbris",Q3120577,,,,
"Louis Spohr",Q57226,,,,
"Hippolyte Monpou",Q3136089,,,,
"Theodor Döhler",Q1764820,,,,
"Saverio Mercadante",Q313980,,composer,,composer
"Giovanni Battista Viotti",Q313188,,,,
"Henri Bertini",Q1337541,,,,
"Joseph Mayseder",Q672225,,,,
"Charles Philippe Lafont",Q517502,,composer,arrangement,
"Charles Philippe Lafont",Q517502,,composer,"salon music",
"Ludwig van Beethoven",Q255,,,,
"George Alexander Osborne",Q5543056,,,,
"Étienne Méhul",Q364020,,,,
"Giacomo Meyerbeer",Q105237,,,,
"Joseph Haydn",Q7349,,,,
"Vincenzo Bellini",Q170209,,composer,,composer
"Charles-Guillaume Étienne",Q2277482,,,,
"Nicolas Isouard",Q736805,,,,
"Pierre Rode",Q713248,,,,
"Sigismund von Neukomm",Q698066,,,,
"Roberto Michelucci",Q331076,,,,
"Luigi Madonis",Q4274331,,,,
"Tommaso Traetta",Q266084,,,,
"Josina van Aerssen",Q4001568,,,,
"Estienne Roger",Q715081,,,,
"Maddalena Laura Sirmen",Q454061,,,,
"Giuseppe Torelli",Q207532,,,,
"Giovanni Battista Ferrandini",Q174355,,,,
"Giovanni Benedetto Platti",Q262427,,,,
"Karl Joseph Toeschi",Q1731841,,,,
Farinelli,Q223744,,,,
"Nicola Matteis",Q952236,,,,
"Antonio Denzio",Q4776572,,,,
"Nicola Francesco Haym",Q1986170,,,,
"Giuseppe Maria Boschi",Q1528416,,,,
"Margherita Durastanti",Q2275201,human,,,
"Francesco Bernardi",Q5479213,human,,,
"Antonio Lotti",Q168345,,,,
"Faustina Bordoni",Q267651,,,,
"Fortunato Chelleri",Q547389,,,,
"Pietro Locatelli",Q124772,,,,
"Giovanni Picchi",Q1388720,,,,
"Muzio Clementi",Q193673,,,,
"Baldassare Galuppi",Q208338,,,,
"Giovanni Battista Pescetti",Q1526310,,,,
"James Cervetto",Q18529811,,,,
"Violet Gordon-Woodhouse",Q3560424,human,,,
"Oscar Chilesotti",Q3886400,,,,
"Prince Louis Ferdinand of Prussia",Q355233,human,,,
"Napoléon Joseph Ney",Q3335954,,,,
"Pierre Sechiari",Q124453836,human,,,
"John Field",Q11756440,human,,,
"Ludwig Wilhelm Maurer",Q830732,,,,
"Franz Krommer",Q698047,,,,
"Giuseppe Concone",Q709173,,,,
"Bernhard Romberg",Q213914,,,,
"Ferdinando Paer",Q533022,,,,
"Theodor Kullak",Q706082,,,,
"Pasqual Mario Marafioti",Q94881833,human,composer,"vocal pedagogy",
"Victor-Charles Mahillon",Q3557082,human,publisher,,"music publisher"
"Victor-Charles Mahillon",Q3557082,human,publisher,,musicologist
"Victor-Charles Mahillon",Q3557082,human,publisher,,"musical instrument maker"
"Victor-Charles Mahillon",Q3557082,"music publishing company",publisher,,"music publisher"
"Victor-Charles Mahillon",Q3557082,"music publishing company",publisher,,musicologist
"Victor-Charles Mahillon",Q3557082,"music publishing company",publisher,,"musical instrument maker"
"Charles Ots",Q110224417,human,conductor,,composer
"Charles Ots",Q110224417,human,conductor,,"music teacher"
"Eugène Demets",Q26997979,"music publishing company",publisher,,"music publisher"
"Eugène Demets",Q26997979,human,publisher,,"music publisher"
"Sigismondo Cesi",Q98643653,human,editor,"early music","music editor"
"Sigismondo Cesi",Q98643653,human,editor,"early music",composer
"Sigismondo Cesi",Q98643653,human,editor,"early music",pianist
"Carlo Bassini",Q109855056,human,composer,"vocal pedagogy",singer
"Carlo Bassini",Q109855056,human,composer,"vocal pedagogy","music teacher"
"Robert Forberg",Q94886469,human,publisher,,"music publisher"
"Victor Guillaume Antoine Hanssens",Q122730890,human,librettist,,poet
"Emmanuel Hiel",Q1334711,human,librettist,,poet
"Henry Playford",Q15512089,human,composer,"early music","music publisher"
"Henry Playford",Q15512089,human,composer,"early music",composer
"Henry Playford",Q15512089,human,publisher,"early music","music publisher"
"Henry Playford",Q15512089,human,publisher,"early music",composer
"Georges Oertel",Q130391420,"music publishing company",publisher,,"music publisher"
"Georges Oertel",Q130391420,human,publisher,,"music publisher"
"Alwin Cranz",Q94880266,human,publisher,,"music publisher"
"Alwin Cranz",Q94880266,"music publishing company",publisher,,"music publisher"
"Balthazar Lutgen",Q130320166,human,composer,"vocal pedagogy","music teacher"
"Francesco Piermarini",Q4385496,human,composer,"vocal pedagogy","opera singer"
"Francesco Piermarini",Q4385496,human,composer,"vocal pedagogy","music teacher"
"Bernard Latte",Q108574870,human,publisher,"vocal pedagogy","music publisher"
"Bernard Latte",Q108574870,"music publishing company",publisher,"vocal pedagogy","music publisher"
"Francesco Chiaramonte",Q130319994,human,composer,"vocal pedagogy",singer
"Francesco Chiaramonte",Q130319994,human,composer,"vocal pedagogy","music teacher"
"Léon Escudier",Q3270945,human,publisher,"vocal pedagogy","music publisher"
"Léon Escudier",Q3270945,human,publisher,"vocal pedagogy",musicologist
"Léon Escudier",Q3270945,"music publishing company",publisher,"vocal pedagogy","music publisher"
"Léon Escudier",Q3270945,"music publishing company",publisher,"vocal pedagogy",musicologist
"Jean Maillard",Q3807690,human,composer,"early music",composer
"Francesco Durante",Q314221,human,composer,"early music",composer
"Melchior Vulpis",Q702277,human,composer,"early music",composer
"Melchior Vulpis",Q702277,human,composer,"early music",singer
"Giovanni Paolo Colonna",Q121405,human,composer,"early music",composer
"Leonardo Leo",Q316735,human,composer,"early music",composer
"Frits Celis",Q2300301,human,performer,,conductor
"Frits Celis",Q2300301,human,performer,,composer
"Frits Celis",Q2300301,human,performer,,harpist
"Antoine Ysaÿe",Q98908549,human,publisher,,"music publisher"
"Antoine Ysaÿe",Q98908549,"music publishing company",publisher,,"music publisher"
"Édouard Gérard",Q95234898,human,publisher,,"music publisher"
"Édouard Gérard",Q95234898,"music publishing company",publisher,,"music publisher"
"Gustave Flaxland",Q22666009,human,editor,"early music","music editor"
"Gustave Flaxland",Q22666009,human,editor,"early music",composer
"Gustave Flaxland",Q22666009,human,editor,"music education","music editor"
"Gustave Flaxland",Q22666009,human,editor,"music education",composer
"Georges Sporck",Q2653980,human,editor,"early music",composer
"Georges Sporck",Q2653980,human,editor,"early music","music arranger"
"Georges Sporck",Q2653980,human,editor,"early music","music teacher"
"Georges Sporck",Q2653980,human,editor,arrangement,composer
"Georges Sporck",Q2653980,human,editor,arrangement,"music arranger"
"Georges Sporck",Q2653980,human,editor,arrangement,"music teacher"
"Georges Sporck",Q2653980,human,editor,"music education",composer
"Georges Sporck",Q2653980,human,editor,"music education","music arranger"
"Georges Sporck",Q2653980,human,editor,"music education","music teacher"
"Michel Folz",Q127603656,human,composer,arrangement,"music arranger"
"Michel Folz",Q127603656,human,composer,arrangement,composer
"Michel Folz",Q127603656,human,composer,"salon music","music arranger"
"Michel Folz",Q127603656,human,composer,"salon music",composer
"Michel Folz",Q127603656,human,composer,opera,"music arranger"
"Michel Folz",Q127603656,human,composer,opera,composer
"Georges de Lausnay",Q127519701,human,editor,"early music",conductor
"Georges de Lausnay",Q127519701,human,editor,"early music",composer
"Georges de Lausnay",Q127519701,human,editor,"early music",pianist
"Georges de Lausnay",Q127519701,human,editor,arrangement,conductor
"Georges de Lausnay",Q127519701,human,editor,arrangement,composer
"Georges de Lausnay",Q127519701,human,editor,arrangement,pianist
"Georges de Lausnay",Q127519701,human,editor,"salon music",conductor
"Georges de Lausnay",Q127519701,human,editor,"salon music",composer
"Georges de Lausnay",Q127519701,human,editor,"salon music",pianist
"Maurice Schoemaker",Q3417072,human,composer,,composer
"Maurice Kufferath",Q3300983,human,editor,"musical technique",conductor
"Maurice Kufferath",Q3300983,human,editor,"musical technique",musicologist
"Maurice Kufferath",Q3300983,human,editor,"musical instrument part",conductor
"Maurice Kufferath",Q3300983,human,editor,"musical instrument part",musicologist
"Jean Baptiste Katto",Q110041343,human,publisher,,"music publisher"
"Jean Baptiste Katto",Q110041343,"music publishing company",publisher,,"music publisher"
"Franz Commer",Q4229780,human,editor,"early music","music editor"
"Franz Commer",Q4229780,human,editor,"early music",composer
"Nicolas Lebègue",Q944492,human,composer,"early music",harpsichordist
"Nicolas Lebègue",Q944492,human,composer,"early music",organist
"Paul Brunold",Q52150584,human,editor,"early music",harpsichordist
"Henri Expert",Q3784849,human,editor,"early music",musicologist
"Issay Barmas",Q16535568,human,composer,,"music teacher"
"Louis Gobbaerts",Q6171053,human,composer,,composer
"Louis Gobbaerts",Q6171053,human,composer,,pianist
"Louis Gobbaerts",Q6171053,human,composer,,"music teacher"
"Alfred Coppenrath",Q55902287,human,,"early music","music publisher"
"Carolus Andreae",Q55909100,human,composer,"early music",composer
"Lodovico Grossi da Viadana",Q555930,human,composer,"early music",cleric
"Jean Richafort",Q722322,human,composer,"early music",composer
"Alfred Dörffel",Q1758336,human,editor,"early music",librarian
"Alfred Dörffel",Q1758336,human,editor,"early music","music publisher"
"Alfred Dörffel",Q1758336,human,editor,"early music",musicologist
"Giuseppe Corsi",Q17517642,human,composer,"early music",priest
"Giuseppe Corsi",Q17517642,human,composer,"early music",composer
"Henry Clough-Leighter",Q34933930,human,editor,"early music",composer
"Henry Clough-Leighter",Q34933930,human,editor,"early music","music editor"
"Henry Clough-Leighter",Q34933930,human,editor,"early music",editor
"Noel Bauldeweyn",Q1448940,human,composer,"early music",composer
"Georges Haakman",Q122306783,human,composer,,composer
"Georges Haakman",Q122306783,human,composer,,pianist
"Karl Schwencke",Q6170231,human,composer,arrangement,composer
"Karl Schwencke",Q6170231,human,composer,arrangement,"music arranger"
"Karl Schwencke",Q6170231,human,composer,arrangement,pianist
"Karl Schwencke",Q6170231,human,composer,"salon music",composer
"Karl Schwencke",Q6170231,human,composer,"salon music","music arranger"
"Karl Schwencke",Q6170231,human,composer,"salon music",pianist
"Ch. Zwicker",Q122457940,human,composer,,conductor
"Ch. Zwicker",Q122457940,human,composer,,composer
"Henry Lemoine",Q1606982,human,,,"music publisher"
"Henry Lemoine",Q1606982,"music publishing company",,,"music publisher"
"Cyriel Van den Abeele",Q2124270,human,composer,,composer
"Lambrecht Lambrechts",Q15877683,human,librettist,,poet
"Lambrecht Lambrechts",Q15877683,human,librettist,,writer
"Frans Gittens",Q2540502,human,librettist,,poet
"Frans Gittens",Q2540502,human,librettist,,librettist
"Frans Corneel D'Haeyer",Q29440301,human,composer,,composer
"Arthur Meulemans",Q709355,human,composer,,composer
"Anton van de Velde",Q2687244,human,librettist,,writer
"Anton van de Velde",Q2687244,human,librettist,,playwright
"Anton van de Velde",Q2687244,human,librettist,,"theatrical director"
"Henri Clemens",Q122307128,human,composer,"Cecilian Movement",composer
"Henri Clemens",Q122307128,human,composer,"early music",composer
"Alfons Kranz",Q19258918,human,publisher,,"music publisher"
"Alfons Kranz",Q19258918,"music publishing company",publisher,,"music publisher"
"Ludwig Plattner",Q72938078,human,publisher,arrangement,"music publisher"
"Ludwig Plattner",Q72938078,human,publisher,"salon music","music publisher"
"Ludwig Plattner",Q72938078,"music publishing company",publisher,arrangement,"music publisher"
"Ludwig Plattner",Q72938078,"music publishing company",publisher,"salon music","music publisher"
"Pierre Leduc",Q20656120,human,publisher,"salon music","music publisher"
"Pierre Leduc",Q20656120,human,publisher,arrangement,"music publisher"
"Pierre Leduc",Q20656120,"music publishing company",publisher,"salon music","music publisher"
"Pierre Leduc",Q20656120,"music publishing company",publisher,arrangement,"music publisher"
"Charles-Georges Boyer",Q20658291,human,publisher,arrangement,"music publisher"
"Charles-Georges Boyer",Q20658291,human,publisher,"salon music","music publisher"
"Charles-Georges Boyer",Q20658291,"music publishing company",publisher,arrangement,"music publisher"
"Charles-Georges Boyer",Q20658291,"music publishing company",publisher,"salon music","music publisher"
"Etienne Girod",Q102287322,human,publisher,,"music publisher"
"Etienne Girod",Q102287322,"music publishing company",publisher,,"music publisher"
"Henri Messemaeckers sr.",Q104645717,human,publisher,,composer
"Henri Messemaeckers sr.",Q104645717,human,publisher,,"music publisher"
"Émile Barateau",Q55836686,human,librettist,,
"Raymond Herreman",Q2445429,human,librettist,exoticism,poet
"Raymond Herreman",Q2445429,human,librettist,exoticism,journalist
"Raymond Herreman",Q2445429,human,librettist,"culture of Iran",poet
"Raymond Herreman",Q2445429,human,librettist,"culture of Iran",journalist
"Raymond Herreman",Q2445429,human,librettist,Hafez,poet
"Raymond Herreman",Q2445429,human,librettist,Hafez,journalist
"Leo De Barse",Q125489262,human,performer,,"horn player"
"Leo De Barse",Q125489262,human,performer,,"music teacher"
"Julius Sachs",Q94883100,,composer,,
"Oscar Schmidt",Q125348576,human,composer,,composer
"Edwin F. Kalmus",Q5346407,"music publishing company",publisher,,"music publisher"
"Edwin F. Kalmus",Q5346407,human,publisher,,"music publisher"
"Cesare A. Casella",Q102279018,human,,,composer
"Cesare A. Casella",Q102279018,human,,,cellist
Augner,Q102280530,,,,"music publisher"
"Martin Bouman",Q124540817,,,,
"Antoinette Vischer",Q56000763,,,,
"Margherita Salicola",Q6760166,,,,
"Jonathan Fentum",Q94924841,human,publisher,"vocal pedagogy","music publisher"
"Jonathan Fentum",Q94924841,"music publishing company",publisher,"vocal pedagogy","music publisher"
"Édouard Fournier",Q3579842,human,librettist,"early music",historian
"Édouard Fournier",Q3579842,human,librettist,"early music",writer
"Édouard Fournier",Q3579842,human,librettist,"early music",translator
"Rosalie Huyghe-Bosman",Q130974618,human,performer,opera,"opera singer"
"Rosalie Huyghe-Bosman",Q130974618,human,performer,opera,singer
"Henri Warnots",Q20002959,human,,,"opera singer"
"Henri Warnots",Q20002959,human,,,"music teacher"
"Heinrich Ferdinand Steinmann",Q18625353,human,composer,"vocal pedagogy","music teacher"
"Heinrich Ferdinand Steinmann",Q18625353,human,composer,"vocal pedagogy",singer
"Heinrich Ferdinand Steinmann",Q18625353,human,composer,"vocal pedagogy",writer
"Lilli Lehmann",Q61641,human,composer,"vocal pedagogy","opera singer"
"Lilli Lehmann",Q61641,human,composer,"vocal pedagogy","music teacher"
"Valentine Degive-Ledelier",Q41884100,human,performer,,singer
"Valentine Degive-Ledelier",Q41884100,human,performer,,"music teacher"
"Benoît-Constat Fauconier",Q55836955,human,composer,arrangement,"music arranger"
"Benoît-Constat Fauconier",Q55836955,human,composer,arrangement,composer
"Benoît-Constat Fauconier",Q55836955,human,composer,"salon music","music arranger"
"Benoît-Constat Fauconier",Q55836955,human,composer,"salon music",composer
"Louis Dorus",Q743998,human,composer,arrangement,"music arranger"
"Louis Dorus",Q743998,human,composer,arrangement,"concert flutist"
"Louis Dorus",Q743998,human,composer,"salon music","music arranger"
"Louis Dorus",Q743998,human,composer,"salon music","concert flutist"
"Joseph Ghys",Q3185009,human,composer,"salon music",violinist
"Joseph Ghys",Q3185009,human,composer,"salon music","music arranger"
"Joseph Ghys",Q3185009,human,composer,arrangement,violinist
"Joseph Ghys",Q3185009,human,composer,arrangement,"music arranger"
"Jan Emile Boucherij",Q56036019,human,publisher,,"music publisher"
"Irma Van Dijck",Q126368643,human,performer,,"music teacher"
"Irma Van Dijck",Q126368643,human,performer,,singer
"Jan Blockx",Q1681637,human,composer,,composer
"Jan Blockx",Q1681637,human,composer,,pianist
"Jan Blockx",Q1681637,human,composer,,"music teacher"
"Jean-Baptiste Moens",Q1412241,human,publisher,,"music publisher"
"Henry Weyts",Q98923082,human,composer,fantasy,composer
"Gérard Nauwelaers",Q112456327,human,composer,,composer
"Gérard Nauwelaers",Q112456327,human,composer,,"music arranger"
"Gérard Nauwelaers",Q112456327,human,composer,,pianist
"Félicie Rameau",Q122456005,human,,,composer
"Bote & Bock",Q4948547,"music publishing company",,,
"Émile Tavan",Q18413841,human,,,composer
"Maximilian Eschig",Q55678712,human,publisher,,"music publisher"
"Henry Sarly",Q2465979,human,composer,,"music teacher"
"Venanzio Rauzzini",Q516430,human,editor,"music education","opera singer"
"Venanzio Rauzzini",Q516430,human,editor,"music education",composer
"Venanzio Rauzzini",Q516430,human,editor,"music education","music teacher"
"Niccolo Pasquali",Q4346510,,,,
"Jakob Quadflieg",Q110222877,,,,
"Giovanni Maria Nanino",Q706287,,,,
"Costanzo Porta",Q1136470,,,,
"Felice Anerio",Q549044,,,,
"Giuseppe Ottavio Pitoni",Q1528547,,composer,"early music",composer
"Friedrich Filitz",Q124358777,,,,
"Jacob Reiner",Q17524045,,,,
"Ruggiero Giovannelli",Q1369480,,,,
"Giuseppe Sigismondo",Q19357588,,,,
"Alessandro Scarlatti",Q183087,,,,
"Volckmar Leisring",Q2530695,,,,
"Orazio Vecchi",Q84146,,,,
"Tommaso Bai",Q3992708,,,,
"Robert Bremner",Q7342331,,,,
"Francesco Rosselli",Q142398,,,,
"Bernardo Mengozzi",Q19998065,,,,
"Ferdinando Pellegrini",Q55743729,,,,
"Giusto Fernando Tenducci",Q3771763,,,,
"Henri Ghys",Q108114646,,,,
"Franz Xaver Gleichauf",Q55901814,,,,
"Vincenzo Gambaro",Q94909721,,,,
"Othon Joseph Vandenbroek",Q2947846,,,,
"Ludwig Stassny",Q2495067,,,,
"Edward Keurvels",Q2750289,human,composer,,composer
"Edward Keurvels",Q2750289,human,composer,,conductor
"Edward Keurvels",Q2750289,human,conductor,,composer
"Edward Keurvels",Q2750289,human,conductor,,conductor
"Alexandre Beon",Q110213185,,,,
"Luigi Torchi",Q52674408,,,,
"Hans Dagobert Bruger",Q72936791,,,,
"Alfons Moortgat",Q42197672,,,,
"Charles Bannelier",Q47507756,,,,
"Gustav Zanger",Q95345007,,,,
"Eugène Bacha",Q70204061,,,,
"Carlo Pedron",Q60829514,,,,
"Friedrich August Roitzsch",Q59627908,,,,
"Jean-Étienne-Guillaume Arnaud",Q30043652,,,,
"Wenzel Neukirchner",Q94692815,,,,
"Karel Miry",Q3076542,human,conductor,,composer
"Karel Miry",Q3076542,human,conductor,,conductor
"Karel Miry",Q3076542,human,conductor,,"music teacher"
"Antonio Sacchini",Q366727,,,,
"Maurice Senart",Q6793466,,publisher,"early music","music publisher"
"Engelbert Brepsant",Q110421331,,,,
"Antonio Lolli",Q602855,,,,
"Giovanni Piantanida",Q25423787,,,,
"Antonio Sacco",Q4776950,,,,
"Giuseppe Sarti",Q455199,,,,
"Vincenzo Manfredini",Q928954,,,,
"Francesco Araja",Q120419,,,,
"Gaetano Agazzi",Q60866514,,,,
"Ignazio Raimondi",Q18021019,,,,
"Francesco Pasquale Ricci",Q1333576,,,,
"Giovanni Battista Zingoni",Q105949053,,,,
"Francesco Antonio Pistocchi",Q359289,,,,
"Santo Lapis",Q20006591,,,,
"Salvatore Lanzetti",Q2215713,,,,
"Francesco Guerini",Q3750094,,,,
"Domenico Dall'Oglio",Q1237126,,,,
"Felice Giardini",Q1171207,,,,
"Giuseppe Bonno",Q700798,,,,
"Pietro Grassi Florio",Q106194929,,,,
"Regina Mingotti",Q2137897,human,,,
"Pietro Mingotti",Q7193008,,,,
"Giovanni Battista Lampugnani",Q739019,,,,
"Carlo Tessarini",Q939898,,,,
"Pietro Castrucci",Q323450,,,,
"Filippo Amadei",Q3071869,,,,
"Francesca Cuzzoni",Q273664,human,,,
"Antonio Bernacchi",Q599911,,composer,"vocal pedagogy",singer
"Antonio Bernacchi",Q599911,,composer,"vocal pedagogy","opera singer"
"Anna Maria Strada",Q509966,human,,,
"Pier Francesco Tosi",Q671057,,,,
"Carlo Pallavicino",Q320534,,,,
"Giovanni Carestini",Q1275132,,,,
"Antonio Cesti",Q350695,,,,
"Gaetano Boni",Q15407614,,,,
"Francesco Gasparini",Q446955,,,,
"Francesco Maria Veracini",Q713268,,,,
"Alessandro Besozzi",Q2483827,,,,
"Giacobbe Cervetto",Q1364637,,,,
"Vincenzo Fiocchi",Q16712871,,,,
"Giovanni Battista Martini",Q283651,,,,
"Giovanni Bononcini",Q315241,,,,
"Giovanni Maria Bononcini",Q957648,,,,
"Attilio Ariosti",Q758130,,,,
"Pietro Filippo Scarlatti",Q470269,,,,
"Joseph Tilborghs",Q47523340,,,,
"Gustavo Carulli",Q27468365,human,composer,"vocal pedagogy",composer
"Gustavo Carulli",Q27468365,human,composer,"vocal pedagogy","music teacher"
"Luigi Boccherini",Q189766,,composer,"early music",
"Friedrich Hermann",Q4497294,,editor,,
"Carl Reinecke",Q159569,,composer,"early music",
"Carl Reinecke",Q159569,,composer,"historically informed performance",
"Carl Reinecke",Q159569,,editor,"early music",
"Carl Reinecke",Q159569,,editor,"historically informed performance",
"Alfredo Piatti",Q782832,,composer,"early music",
"Alfredo Piatti",Q782832,,composer,"period composition",
"Stéphen de La Madelaine",Q55836750,,composer,"vocal pedagogy",
"Georg Josef Manz",Q1336854,,publisher,"Cecilian Movement",
"Georg Josef Manz",Q1336854,,publisher,"early music",
"Schuberth & Co.",Q23778870,"music publishing company",publisher,,
"Marianne Scharwenka",Q6762261,,composer,"string music",
"Georges Schonenberger",Q22283317,,publisher,,
"Jean-Delphin Alard",Q633796,human,composer,"music education",
"Jean-Delphin Alard",Q633796,human,composer,"string music",
"Franz Wüllner",Q819749,human,editor,"early music",
"Franz Wüllner",Q819749,human,editor,"Cecilian Movement",
"Franz Wüllner",Q819749,human,composer,"early music",
"Franz Wüllner",Q819749,human,composer,"Cecilian Movement",
"Otto Vrieslander",Q40011653,human,,"early music",
"Adolphe Wouters",Q2824924,,editor,"early music",
"Joachim Andersen",Q785596,,,,composer
"Joachim Andersen",Q785596,,,,conductor
"Joachim Andersen",Q785596,,,,flautist
"Bernhard Crusell",Q708911,,,,
"Karel Candael",Q22955373,,,,
"Julien Closset",Q122456687,,,,
,Q2173535,,,,
,Q57178,,,,
,,,,,
,Q123829,,,,
"Gustav Heinze",Q95296347,,publisher,,
"Joseph Ryelandt",Q1707941,,composer,"early music",
"Joseph Ryelandt",Q1707941,,composer,"historically informed performance",
"Gustave Legouix",Q99031987,,publisher,,
"Antoine Bessems",Q4085790,,composer,"salon music",
"Antoine Bessems",Q4085790,,composer,virtuoso,
"Antoine Bessems",Q4085790,,composer,"string music",
"Antonín Dvořák",Q7298,,composer,arrangement,
"Joseph Salmon",Q29032884,,editor,"early music",
"Nagels Verlag",Q1301796,,publisher,"early music",
"Henri Quittard",Q15407244,,editor,"early music",
"Charles Bouvet",Q21600966,,editor,"early music",
"Louis Couperin",Q50185,,composer,"early music",
"Théophile-Adolphe Manoury",Q55832796,,composer,"vocal pedagogy",
"Bartholf Senff",Q4865206,,publisher,"early music",
"Johann André",Q130348450,,publisher,"early music",
"Friedrich Whistling",Q29592765,,publisher,"early music",
"F. E. C. Leuckart Verlag",Q1125387,,publisher,"early music",
"Alfeo Buya",Q131299477,,composer,"music education",
"Louis De Bondt",Q28129940,,composer,"music education",
"Alfons Devestele",,,"scholar (owner)",,
"Eugeen De Ridder",Q2862763,,librettist,,
"Lodewijk de Vocht",Q2652109,,composer,,
"Max Kalbeck",Q71192,,librettist,,
"Bedřich Smetana",Q48173,,composer,,
"Ferdinand David",Q5443821,,editor,"early music",violinist
"Ferdinand David",Q5443821,,performer,"early music",violinist
"Joseph-Henri Mees",Q131299435,human,composer,"vocal pedagogy",
"Cornélie van Zanten",Q452636,human,composer,"vocal pedagogy",
"D. Appleton & Company",Q3011053,"music publishing company",,"vocal pedagogy",
"Blackwood & Sons",Q880978,"music publishing company",publisher,"vocal pedagogy",
"Éditions Gallimard",Q273819,"music publishing company",publisher,,
"Schola Cantorum de Paris",Q1407107,"music school",,"early music",
"Schola Cantorum de Paris",Q1407107,"music school",,"Cecilian Movement",
"Schola Cantorum de Paris",Q1407107,"music publishing company",,"early music",
"Schola Cantorum de Paris",Q1407107,"music publishing company",,"Cecilian Movement",
"Musica sacra",Q1954945,"music organization",publisher,"early music",
"Musica sacra",Q1954945,"music organization",publisher,"Cecilian Movement",
Brepols,Q981917,"music publishing company",publisher,,"music publisher"
"N. Simrock",Q17114100,"music publishing company",,,
"Universal Music Publishing Group",Q7894021,"music publishing company",,,
"Breitkopf & Härtel",Q634246,,,,
"Ferdinando Paer",Q533022,,,,
"Giuseppe Concone",Q709173,,,,
"Franz Krommer",Q698047,,,,
"Ludwig Wilhelm Maurer",Q830732,,,,
"G. Schirmer Inc.",Q3093066,"music publishing company",publisher,"vocal pedagogy",
"Adolphe Larmande",Q111429672,human,librettist,"early music",composer
"Adolphe Larmande",Q111429672,human,librettist,"early music",poet
"Éditions Durand-Salabert-Eschig",Q3579315,"music publishing company",publisher,,
"Chappell & Co.",Q5073368,"music publishing company",publisher,"vocal pedagogy",
"Rouart Lerolle",Q105063985,"music publishing company",publisher,"vocal pedagogy",
"Au Magasin de Musique de la Lyre Moderne",Q130535096,"music publishing company",publisher,,
"Oliver Ditson Company",Q59617376,"music publishing company",publisher,,"music publisher"
"Éditions Tallandier",Q3237900,"music publishing company",publisher,,
"Éditions Choudens",Q32361125,"music publishing company",publisher,,
"Brandus et Cie",Q115589499,"music publishing company",publisher,,
"Enoch & Cie (Costallat)",Q22704389,"music publishing company",publisher,,
"Éditions Richault",Q109021520,"music publishing company",publisher,arrangement,"music publisher"
"Éditions Richault",Q109021520,"music publishing company",publisher,"salon music","music publisher"
"Éditions Durand",Q105736376,"music publishing company",publisher,"early music",
"Novello & Co",Q15919379,"music publishing company",publisher,,"music publisher"
"Edition Peters",Q468157,"music publishing company",,,
"Casa Ricordi",Q1046463,"music publishing company",,,
"Edwin Ashdown Ltd",Q124846558,"music publishing company",publisher,,
"Schott Music",Q536259,"music publishing company",,,
"Éditions Desclée de Brouwer",Q2619680,"music publishing company",,"early music",
"Éditions Desclée de Brouwer",Q2619680,"music publishing company",,"Cecilian Movement",
"George Gershwin",Q123829,human,composer,,composer
"George Gershwin",Q123829,human,composer,,pianist
"Théophile Lemaire",,human,composer,"vocal pedagogy",musicologist
"Théophile Lemaire",,human,composer,"vocal pedagogy","music teacher"
"Théophile Lemaire",,human,composer,"vocal pedagogy","music historian"
"Elisa Verbrugghe",,human,performer,,pianist
"M. Ch. Houin",,human,performer,,violinist
Chabal,Q130535273,"music publishing company",publisher,"salon music",
Chabal,Q130535273,"music publishing company",publisher,arrangement,
"Mlle Clément",,human,performer,,singer
"Joachim Andersen",Q785596,human,composer,"Royal Conservatoire of Ghent",composer
"Joachim Andersen",Q785596,human,composer,"Royal Conservatoire of Ghent",conductor
"Joachim Andersen",Q785596,human,composer,"Royal Conservatoire of Ghent",flautist
"Eugen d'Albert",Q57178,human,editor,,"music arranger"
"Eugen d'Albert",Q57178,human,editor,,pianist
"Eugen d'Albert",Q57178,human,editor,,composer
"Steingräber Verlag",Q130486084,"music publishing company",publisher,"early music",
"Anton J. Benjamin / Hans C. Sikorski KG, Leipzig",Q123596621,"music publishing company",publisher,,
"Betho Davezac",,human,editor,"guitar music","classical guitarist"
"Betho Davezac",,human,editor,"guitar music","music editor"
"Musikverlag Wilhelm Zimmermann",,"music publishing company",publisher,,publisher
"Mauro Giuliani",Q379560,human,composer,,composer
"Mauro Giuliani",Q379560,human,composer,,"classical guitarist"
"Maison Brahy",Q130483845,"music publishing company",publisher,,publisher
"Félix Renard",Q130483802,human,composer,,composer
"Félix Renard",Q130483802,human,composer,,violinist
"Rudolf Nováček",Q2173535,human,composer,,composer
"Rudolf Nováček",Q2173535,human,composer,,violinist
"Rudolf Nováček",Q2173535,human,composer,,conductor
"Bernhard Crusell",Q708911,human,composer,,clarinetist
"Bernhard Crusell",Q708911,human,composer,,composer
"Montgredien et Cie",Q124708496,"music publishing company",publisher,,
"Metropolis (Oud-Huis G. Prop)",Q130415689,"music publishing company",publisher,,"music publisher"
"Correspondance musicale",Q130403881,"music publishing company",publisher,"early music","music publisher"
"J. Pletinckx",,"music publishing company",publisher,,"music publisher"
"Jules Heinz",,human,publisher,"vocal pedagogy","music publisher"
"Jules Heinz",,"music publishing company",publisher,"vocal pedagogy","music publisher"
"Hubert Jongen",,"music publishing company",publisher,,"music publisher"
"John Bode-Vinck",,human,publisher,,"music publisher"
"John Bode-Vinck",,"music publishing company",publisher,,"music publisher"
"Karel Candael",Q22955373,human,composer,,composer
"Karel Candael",Q22955373,human,composer,,"music teacher"
"Julien Closset",Q122456687,human,composer,,composer
"Julien Closset",Q122456687,human,composer,,cellist
"Wilhelm Franz Lichtenauer",Q127700858,"music publishing company",publisher,"early music","music publisher"
"Henry Jacqmin",Q127603797,human,composer,"salon music",composer
"Henry Jacqmin",Q127603797,human,composer,"salon music","music arranger"
"Henry Jacqmin",Q127603797,human,composer,arrangement,composer
"Henry Jacqmin",Q127603797,human,composer,arrangement,"music arranger"
"Bosworth Music",Q47537233,"music publishing company",publisher,,
"Lambrecht Baumert",Q122577478,human,composer,"early music",composer
"Molenaar Edition",Q126951415,"music publishing company",publisher,,
"Schola Cantorum Santa Cecilia",,"music organization",publisher,"early music",
"Schola Cantorum Santa Cecilia",,"music organization",publisher,"Cecilian Movement",
"Fr. Kistner & C. F. W. Siegel, Musikverlag und Sortiment",Q123751110,"music publishing company",publisher,"early music","music publisher"
"Jos. Bouwens",,human,editor,"early music","music arranger"
"Jan Lelis",,human,conductor,,conductor
"Chs. De Vylder",Q126372603,"music publishing company",,,
"L. Corret",Q126367402,human,composer,"salon music",composer
"L. Corret",Q126367402,human,composer,"salon music","music arranger"
"L. Corret",Q126367402,human,composer,"salon music","horn player"
"L. Corret",Q126367402,human,composer,arrangement,composer
"L. Corret",Q126367402,human,composer,arrangement,"music arranger"
"L. Corret",Q126367402,human,composer,arrangement,"horn player"
"Émile Wambach",,human,composer,,composer
"Émile Wambach",,human,composer,,conductor
"Émile Wambach",,human,composer,,musicologist
"Émile Wambach",,human,composer,,"music teacher"
"Émile Wambach",,human,conductor,,composer
"Émile Wambach",,human,conductor,,conductor
"Émile Wambach",,human,conductor,,musicologist
"Émile Wambach",,human,conductor,,"music teacher"
"De Ring",Q125760764,"music publishing company",publisher,,"music publisher"
"Gabriele D'Annunzio",,human,librettist,,writer
"Gabriele D'Annunzio",,human,librettist,,poet
"Gabriele D'Annunzio",,human,librettist,,librettist
"Commissie tot Keuring van Kerkelijk Muzikale Composities",,"music organization",publisher,"Cecilian Movement",
"Commissie tot Keuring van Kerkelijk Muzikale Composities",,"music organization",publisher,"early music",
Kistner,Q23783780,"music publishing company",publisher,,"music publisher"
"A. Petit",,"music publishing company",publisher,"salon music",
"A. Petit",,"music publishing company",publisher,arrangement,
"J. Frey",,"music publishing company",publisher,"salon music","music publisher"
"J. Frey",,"music publishing company",publisher,arrangement,"music publisher"
"J. Frey",,human,publisher,"salon music","music publisher"
"J. Frey",,human,publisher,arrangement,"music publisher"
Andermann,,human,composer,arrangement,"music arranger"
Andermann,,human,composer,"salon music","music arranger"
"M. Gaultier",,,composer,arrangement,"music arranger"
"M. Gaultier",,,composer,"salon music","music arranger"
"P. Nacher",,human,publisher,arrangement,"music publisher"
"P. Nacher",,human,publisher,arrangement,"music arranger"
"P. Nacher",,human,publisher,"salon music","music publisher"
"P. Nacher",,human,publisher,"salon music","music arranger"
"P. Nacher",,human,composer,arrangement,"music publisher"
"P. Nacher",,human,composer,arrangement,"music arranger"
"P. Nacher",,human,composer,"salon music","music publisher"
"P. Nacher",,human,composer,"salon music","music arranger"
"P. Nacher",,"music publishing company",publisher,arrangement,"music publisher"
"P. Nacher",,"music publishing company",publisher,arrangement,"music arranger"
"P. Nacher",,"music publishing company",publisher,"salon music","music publisher"
"P. Nacher",,"music publishing company",publisher,"salon music","music arranger"
"P. Nacher",,"music publishing company",composer,arrangement,"music publisher"
"P. Nacher",,"music publishing company",composer,arrangement,"music arranger"
"P. Nacher",,"music publishing company",composer,"salon music","music publisher"
"P. Nacher",,"music publishing company",composer,"salon music","music arranger"
"Gustave Faes",Q125620593,"music publishing company",publisher,,"music publisher"
"Gustave Faes",Q125620593,"music publishing company",publisher,,"piano maker"
"Gustave Faes",Q125620593,human,publisher,,"music publisher"
"Gustave Faes",Q125620593,human,publisher,,"piano maker"
"Maatschappij der Nieuwe Concerten",Q125423781,"music organization",,,
"Gennevouise, L.A.J.",,human,performer,,"opera singer"
"Edouard de Somere",,human,conductor,,conductor
"Edouard de Somere",,human,performer,,conductor
"Yvonne Van den Berghe",Q41885446,human,performer,,pianist
"Yvonne Van den Berghe",Q41885446,human,performer,,"music teacher"
"N. Karren",,human,,,composer
"Félix Renard",,human,composer,,composer
"Daniel Hermann",,human,editor,"early music","music arranger"
"Louis Lahou",Q125349731,human,publisher,,"music arranger"
"Louis Lahou",Q125349731,human,publisher,,"music publisher"
"Louis Lahou",Q125349731,human,composer,,"music arranger"
"Louis Lahou",Q125349731,human,composer,,"music publisher"
"Louis Lahou",Q125349731,human,editor,,"music arranger"
"Louis Lahou",Q125349731,human,editor,,"music publisher"
"Léa Fauquel",,human,performer,,cellist
"Joanne a Cruce Claudiensis",,,,,
"Jean de Smetsky",Q18750555,human,composer,,composer
"C. Sauveur",,human,performer,,musician
"C. Sauveur",,human,performer,,trumpeter
"Otto Nicolai",Q100464995,,,,
"Boosey & Hawkes",Q834648,"music publishing company",,,
"Werner Icking Music Archive",Q1811670,"music publishing company",,,
"Goulding & Co.",Q123699895,"music publishing company",,,
Heugel,Q3579350,,,,
"Henry Bénigne",Q124340201,,,,
"Friedrich Pustet KG",Q1461605,,,,
"Johann Gottfried Ferrenberg",Q124314642,,,,
"Stainer & Bell",Q7597026,,,,
Anonymous,Q223961,,,,
"John Garth",Q26878304,,,,
"Klaas de Vries",Q1126703,,,,
"Thomas Carter",Q2422929,,,,
"Samuel Wesley",Q7412910,,,,
"Frank Martin",Q1208661,,,,
"Charles Cottignies",Q102285069,,,,
"Prince Louis Ferdinand of Prussia",Q355233,,,,
"Pietro Filippo Scarlatti",Q470269,,,,
"Joseph Tilborghs",Q47523340,,,,
"Jacques-Jules Bouffil",Q6120326,,,,
"John Hawkins",Q342683,,,,
"Christopher Simpson",Q3675886,,,,
"Lawrence Kramer",Q6504284,,,,
